sentiment-bertmulti,sentiment-textblob,sentiment-vader
3.0,0.025,0.0
2.0,0.09444444444444444,-0.1531
2.0,0.016666666666666677,0.2263
3.0,0.0,0.3599
2.0,0.14375000000000002,0.6542
3.0,0.25,0.8689
4.0,0.30000000000000004,0.8225
3.0,0.0,-0.128
1.0,0.1,0.0
4.0,0.15,0.6486
5.0,0.0,0.5983
4.0,0.0,-0.0258
3.0,0.21428571428571427,-0.4215
2.0,0.4,0.0
5.0,-0.07777777777777778,-0.4767
2.0,-0.05500000000000001,-0.296
5.0,0.5,0.8957
2.0,0.35,0.4588
2.0,0.15666666666666665,0.3919
3.0,0.0,0.6486
2.0,0.0,0.0258
4.0,-0.2,0.6124
4.0,0.19999999999999998,-0.4497
3.0,0.019999999999999997,-0.3182
5.0,0.375,0.3182
2.0,-0.30000000000000004,-0.4588
5.0,0.0,-0.5267
3.0,-0.1,0.0
4.0,-0.175,0.2732
4.0,0.0,-0.1531
2.0,0.09204545454545454,-0.7531
2.0,0.16221590909090908,0.7088
4.0,0.5,0.0
4.0,0.24,0.7584
3.0,-0.5,-0.4939
5.0,0.10493827160493825,0.7351
3.0,0.09999999999999999,0.0
5.0,-0.024999999999999994,-0.5994
5.0,0.49333333333333335,0.6908
3.0,-0.020833333333333325,-0.3291
2.0,0.25,-0.5859
4.0,-0.09107142857142857,-0.2732
2.0,0.0,-0.2732
2.0,-0.016666666666666666,0.0
3.0,0.0,0.0
1.0,0.1375,0.128
1.0,-0.17500000000000002,0.5908
3.0,0.0,0.0772
5.0,0.06523809523809525,0.5374
5.0,0.0,-0.4404
5.0,0.15833333333333333,-0.296
5.0,0.16327160493827161,0.714
3.0,-0.06770833333333334,-0.1901
1.0,-0.008333333333333331,-0.5994
3.0,0.07440476190476189,0.8813
3.0,0.07361111111111111,0.8402
3.0,-0.07852132435465768,0.5562
4.0,0.007128906249999997,-0.222
5.0,-0.00046296296296297637,0.9794
5.0,-0.21666666666666667,-0.9287
1.0,0.0,0.0
2.0,-0.13968253968253969,-0.8356
4.0,0.034375,-0.1034
4.0,0.20063131313131316,0.8939
4.0,0.07578571428571429,-0.1053
4.0,0.25,0.5346
4.0,0.0,-0.5994
2.0,-0.025,-0.1779
3.0,-0.1875,0.4417
5.0,0.02662337662337661,0.7269
5.0,0.31534090909090906,0.807
5.0,0.0,-0.4404
1.0,-0.1875,0.0
2.0,0.08437499999999998,0.8802
4.0,-0.06964285714285715,0.3818
5.0,0.15,0.6597
5.0,0.2503367003367003,0.9196
1.0,0.3722222222222222,0.7305
2.0,0.03333333333333333,0.0
4.0,0.6,0.0
3.0,0.16785714285714287,0.8292
3.0,0.08541666666666667,-0.7869
2.0,-0.011250000000000005,-0.659
3.0,-0.0625,0.4767
3.0,0.25,0.7579
2.0,0.04476190476190476,0.9192
2.0,0.08852272727272728,0.8587
3.0,0.21944444444444447,0.8883
5.0,0.2333333333333333,0.25
4.0,0.0,0.0
3.0,0.07714285714285714,0.3818
2.0,0.20725108225108224,0.8553
1.0,0.0,0.0772
5.0,0.01666666666666668,-0.3182
5.0,-0.012500000000000016,0.4588
2.0,0.10138888888888888,0.3314
4.0,0.15,0.5106
5.0,0.07142857142857142,0.34
5.0,0.15312499999999998,0.917
5.0,0.7333333333333334,0.9403
2.0,0.016666666666666666,0.0
2.0,0.625,-0.2363
2.0,0.07333333333333333,-0.1761
1.0,0.0,0.0
4.0,0.009259259259259264,-0.4574
3.0,0.375,0.5251
4.0,-0.06666666666666667,0.8271
4.0,0.7,0.5106
4.0,-0.03125,0.4019
1.0,0.3979166666666667,0.9612
2.0,0.0,0.3612
2.0,0.0,0.2151
2.0,-0.075,-0.3356
5.0,0.13541666666666666,0.6908
3.0,-0.05500000000000001,-0.6597
3.0,0.3428571428571429,0.7384
3.0,0.0,0.0
2.0,0.0,0.4019
2.0,-0.1,-0.6564
2.0,0.14788359788359787,0.8078
4.0,-0.16666666666666666,0.2617
5.0,0.0,0.0
2.0,-0.1947916666666667,-0.5531
2.0,0.033333333333333354,0.2263
1.0,0.0,-0.1779
2.0,0.0,0.0
5.0,0.0,0.3818
4.0,0.6,0.4753
4.0,-0.04166666666666666,-0.3818
3.0,0.0,0.4215
3.0,-0.15,0.5267
5.0,0.0,0.0
5.0,0.3981481481481482,0.8271
3.0,0.13333333333333333,0.5859
5.0,0.0,0.0
5.0,0.1,0.3818
3.0,0.04814814814814814,0.5859
3.0,0.020000000000000018,-0.8321
2.0,0.0,0.0132
2.0,-0.13333333333333333,0.8047
4.0,0.135,0.6597
2.0,0.13055555555555556,0.6946
5.0,0.20833333333333334,-0.5411
5.0,0.019791666666666666,0.659
5.0,0.5,0.4576
5.0,0.6,0.5598
1.0,0.0,0.0
2.0,0.15499999999999997,-0.6249
5.0,-0.018750000000000003,0.6186
4.0,0.2,0.2263
4.0,0.2833333333333333,0.6808
4.0,0.128125,0.3182
3.0,0.0,0.4215
4.0,0.39572916666666674,0.9436
3.0,0.375,0.128
3.0,0.09375,0.5574
1.0,0.0,0.0
4.0,0.2,-0.128
5.0,0.0,-0.296
4.0,0.32916666666666666,-0.3903
1.0,0.0,0.0
3.0,0.0,0.6249
1.0,0.7,0.4588
3.0,0.0,-0.5574
1.0,0.0,0.4939
1.0,0.125,-0.6049
3.0,0.10416666666666669,0.3054
3.0,0.35,0.4404
4.0,0.45,0.7506
3.0,0.2916666666666667,0.0258
1.0,0.2,0.4902
5.0,0.1,-0.2228
5.0,0.196875,0.6184
5.0,-0.23333333333333334,0.2023
1.0,0.0,-0.296
5.0,0.35,0.4404
1.0,-0.5,0.0
5.0,0.0,0.5722
1.0,-0.08571428571428572,-0.9025
5.0,0.02250000000000001,0.8993
5.0,0.5,-0.1717
5.0,-0.125,-0.8173
2.0,-0.025,0.1531
2.0,-0.05395899470899471,0.6194
4.0,0.012499999999999983,0.948
4.0,0.0,0.0
1.0,0.0,0.0
2.0,0.20000000000000004,0.8062
2.0,0.0,0.5267
2.0,-0.25166666666666665,0.6428
2.0,-0.12013888888888889,0.751
5.0,0.4222222222222222,0.1531
3.0,0.5,-0.3412
3.0,0.2875,0.9512
5.0,0.17777777777777778,0.9578
5.0,0.375,0.1531
5.0,-0.07777777777777778,0.836
5.0,0.07532467532467532,0.8122
5.0,0.07222222222222223,-0.7719
3.0,0.0683641975308642,0.6737
2.0,0.2222222222222222,0.6808
2.0,0.09375,-0.2244
1.0,0.0,0.0
1.0,0.0,0.0
5.0,0.0062500000000000056,0.3384
4.0,0.049206349206349205,-0.2263
2.0,0.25666666666666665,0.34
5.0,0.2791666666666667,-0.8225
1.0,-0.15555555555555556,0.0
2.0,-0.2916666666666667,0.0
2.0,0.1416666666666667,0.5801
1.0,0.0,0.0
1.0,-0.11388888888888889,0.0772
2.0,0.04549319727891157,0.8169
3.0,0.21428571428571427,0.2732
4.0,0.06666666666666667,0.3384
5.0,0.7,0.4404
4.0,0.3,0.481
3.0,0.2,0.3612
2.0,0.35,0.6249
3.0,0.0,0.0
5.0,0.0,0.0
3.0,-0.022222222222222216,-0.4389
1.0,0.11833333333333333,0.25
4.0,0.007142857142857131,-0.1531
3.0,-0.35555555555555557,-0.7102
3.0,0.1,0.7384
2.0,0.0,0.6488
1.0,0.0,0.0
4.0,0.25,0.8678
1.0,0.0,-0.4015
1.0,0.0,-0.4015
4.0,0.0,0.0
4.0,0.5833333333333334,0.8537
3.0,0.2857142857142857,-0.7964
3.0,0.5,-0.079
4.0,0.5,0.3182
3.0,-0.07777777777777778,0.5574
2.0,0.21666666666666667,0.7003
3.0,0.0,-0.631
5.0,0.0,0.0
3.0,0.0,0.0
5.0,-0.11833333333333336,-0.6791
2.0,0.4,0.2732
1.0,0.0,0.0
2.0,0.0,0.0
2.0,-0.7,-0.5719
1.0,0.2119047619047619,-0.3976
2.0,-0.17687074829931973,-0.7645
1.0,-0.26,-0.25
2.0,-0.7,-0.8338
5.0,0.07499999999999998,-0.1776
5.0,-0.3,0.0
1.0,0.0,-0.3595
2.0,0.01701388888888888,-0.2415
5.0,0.0,-0.305
4.0,0.0062500000000000056,0.0
1.0,0.0,0.0
3.0,0.0,0.0
4.0,-0.6,-0.3832
2.0,0.0,0.0
4.0,0.09999999999999998,0.0258
4.0,0.0,0.0
2.0,0.0,0.0
4.0,-0.10000000000000002,0.042
2.0,0.2186363636363636,0.5379
3.0,0.0,0.0
3.0,0.15952380952380957,0.8028
3.0,-0.11000000000000001,-0.8193
1.0,0.0888888888888889,0.8433
3.0,0.1464285714285714,0.5267
3.0,0.725,0.7717
2.0,0.16666666666666669,0.7227
2.0,0.16071428571428573,0.7351
2.0,0.45,0.9528
3.0,0.0,-0.2263
3.0,0.025,0.8126
3.0,0.8,-0.3814
2.0,0.020833333333333356,0.34
2.0,0.10888888888888888,-0.5106
4.0,0.2833333333333334,0.8338
5.0,0.12333333333333334,0.4404
4.0,0.11666666666666665,0.3612
5.0,-0.036111111111111115,0.5719
5.0,0.04814814814814814,0.4588
2.0,0.2,0.0
2.0,-0.16666666666666666,0.0
2.0,1.0,0.5719
2.0,0.16381493506493505,0.1027
2.0,-0.16,-0.2023
3.0,0.25,0.0
2.0,0.0,0.0
3.0,0.21203703703703705,0.3477
4.0,0.22777777777777777,0.9351
5.0,0.007142857142857153,-0.9398
1.0,0.01875,0.6249
5.0,0.2125,0.89
5.0,-0.10773809523809524,-0.6928
3.0,0.11666666666666665,0.3612
3.0,0.11666666666666665,0.8201
1.0,-0.2,-0.6486
3.0,0.26607142857142857,0.3182
2.0,0.375,-0.7717
2.0,-0.4,-0.6369
5.0,0.0,-0.4019
5.0,0.175,0.0
1.0,0.0,-0.4019
2.0,-0.13888888888888887,0.2263
3.0,0.0,-0.4404
2.0,0.0,0.0
1.0,-0.3,0.0
5.0,0.8,0.5859
2.0,0.0,0.0
1.0,0.0,0.0
3.0,-0.3125,0.0
1.0,0.0,0.0
1.0,-0.125,-0.1531
3.0,0.0,0.0772
4.0,0.05,0.0
2.0,-0.004365079365079373,-0.8232
5.0,0.05000000000000001,-0.6486
1.0,0.0,0.0
2.0,0.0,-0.0859
5.0,-0.07777777777777778,0.0
5.0,-0.19999999999999998,-0.2023
5.0,0.0,0.0
4.0,0.34062499999999996,0.4404
3.0,0.044444444444444446,-0.8496
5.0,0.11153846153846153,-0.6312
5.0,0.0,0.0
5.0,-0.10022321428571429,-0.296
4.0,0.08439898989898989,0.6486
5.0,-0.20092592592592595,-0.9239
3.0,0.019999999999999997,-0.0516
2.0,-0.012499999999999997,0.0
5.0,0.11095238095238094,0.9636
2.0,0.19916666666666666,0.734
4.0,0.0,0.0
2.0,-0.012327416173570018,-0.9366
3.0,0.1,0.2544
3.0,-0.1875,-0.2263
4.0,0.047500000000000014,0.5574
2.0,0.45499999999999996,0.3612
5.0,0.06874999999999999,0.8541
4.0,-0.06540404040404041,0.4945
2.0,0.0,0.0
4.0,-0.071875,-0.2111
2.0,0.032,0.0
3.0,0.06499999999999999,0.1901
2.0,0.0,-0.4939
2.0,-0.03729166666666669,-0.1868
4.0,0.039772727272727265,0.5859
5.0,0.7,0.0
5.0,-0.03952380952380953,-0.0
1.0,-0.25,0.3612
3.0,0.28409090909090906,0.9246
1.0,0.04374999999999998,0.5859
2.0,0.5,0.2617
5.0,0.025000000000000005,0.8847
5.0,0.2800000000000001,-0.135
5.0,0.017499999999999995,-0.7351
3.0,0.4,0.8147
5.0,-0.03750000000000002,0.92
3.0,0.13183673469387755,0.7413
2.0,-0.0059523809523809494,0.9333
3.0,0.3166666666666667,0.2023
4.0,0.25,-0.5264
3.0,-0.25,0.0
3.0,0.3,0.5267
3.0,0.04999999999999999,-0.2023
1.0,-0.1875,0.2473
1.0,-0.3,0.0
2.0,-0.1,-0.631
3.0,0.0,0.0
3.0,0.0,0.0
1.0,0.1,0.0
1.0,-0.395,0.128
1.0,0.0,0.0
1.0,0.0,0.0
5.0,-0.27499999999999997,0.6675
1.0,0.0,0.0
3.0,0.0,0.3818
5.0,-0.125,-0.2263
5.0,0.14999999999999997,-0.4199
3.0,0.7,0.0772
2.0,0.5,-0.5815
4.0,0.0,-0.3182
3.0,-0.05,-0.3584
3.0,0.0,0.0
1.0,0.0,0.0
3.0,-0.2,-0.5255
3.0,-0.203125,0.0
3.0,0.0,0.0
5.0,0.0,0.3818
3.0,0.0,0.4019
5.0,0.0,0.1027
3.0,0.0,0.0
5.0,0.0,0.0
4.0,0.18,0.3757
2.0,0.03541666666666665,0.9266
5.0,0.0,0.0
1.0,-0.041666666666666664,-0.5938
3.0,-0.025,0.25
5.0,0.0,0.4019
5.0,0.78,0.8442
3.0,0.0,0.0
1.0,0.0,-0.296
1.0,0.03214285714285714,0.1862
1.0,-0.024242424242424235,-0.3612
3.0,-0.05,0.3818
2.0,0.16249999999999998,0.4939
4.0,-0.0062500000000000056,-0.6588
3.0,-0.11805555555555554,0.2006
1.0,0.1,0.0
3.0,0.0,0.0
4.0,0.24791666666666667,0.2145
1.0,0.0,0.8912
4.0,0.22777777777777777,0.7481
4.0,0.266504329004329,0.8687
3.0,0.0,0.0
2.0,0.20833333333333334,-0.4389
1.0,-0.35714285714285715,-0.5106
5.0,0.5,0.6652
5.0,0.0,-0.3818
5.0,0.08854166666666667,0.8398
5.0,0.11354166666666665,0.7181
3.0,0.15625,0.5765
2.0,0.16399572649572647,0.8965
2.0,0.15000000000000002,-0.0538
5.0,0.3,0.872
2.0,0.11724537037037037,0.8519
4.0,0.05406746031746031,0.8519
4.0,0.12988095238095237,0.775
5.0,0.08163082437275988,0.3693
1.0,-0.11666666666666665,-0.1132
2.0,0.2916666666666667,-0.1027
3.0,0.0,0.765
2.0,0.02875,0.0
5.0,0.06166666666666667,-0.3142
1.0,-0.027777777777777762,-0.6352
2.0,-0.00844356261022928,-0.4939
2.0,0.056666666666666664,-0.8271
3.0,0.0,-0.296
5.0,0.10952380952380952,0.7605
2.0,0.0,0.6705
2.0,0.28750000000000003,0.936
4.0,0.23154761904761903,0.8717
5.0,0.0,0.0
5.0,-0.10000000000000002,0.5574
3.0,-0.008333333333333331,0.712
2.0,0.1767857142857143,0.9393
5.0,0.2,0.0
5.0,0.13555555555555554,0.9516
2.0,0.034523809523809526,0.6486
2.0,0.08333333333333334,0.3535
2.0,0.04999999999999999,-0.2263
4.0,0.75,0.4215
5.0,0.2388888888888889,0.9386
5.0,-0.008333333333333331,-0.3612
3.0,0.1484375,-0.296
2.0,-0.012499999999999999,0.9086
4.0,0.13333333333333333,-0.2572
2.0,0.31388888888888894,0.8271
4.0,0.3075,-0.1045
4.0,0.19166666666666668,0.8953
3.0,0.0068681318681318715,0.4133
2.0,0.07083333333333335,-0.9213
2.0,0.09333333333333332,-0.8024
5.0,0.0,0.0
5.0,0.13333333333333333,0.4215
4.0,0.0,0.0772
4.0,0.2,0.765
5.0,-0.09375,0.0
1.0,0.0,0.0274
2.0,-0.6999999999999998,-0.4767
4.0,-0.00625,0.4215
4.0,0.0,0.4753
5.0,0.06428571428571427,-0.2023
3.0,-0.075,0.0
2.0,0.04940476190476192,0.4404
5.0,0.25416666666666665,0.3612
1.0,-0.0625,-0.8625
1.0,0.13541666666666666,-0.077
2.0,-0.15625,-0.8211
2.0,0.08229166666666668,-0.0164
3.0,0.0,0.0
3.0,0.0,0.0
2.0,-0.07295918367346939,0.1567
4.0,0.22407407407407406,0.9489
4.0,0.0,0.128
5.0,0.0,0.4939
5.0,-0.023376623376623377,-0.8398
3.0,0.07878787878787878,-0.1316
4.0,-0.1075,-0.6428
2.0,0.0,-0.4959
3.0,-0.15,-0.577
3.0,-0.2,-0.4767
4.0,0.18734567901234567,0.8948
4.0,0.09349206349206347,0.9168
4.0,0.18095238095238095,0.9587
1.0,0.25,0.4019
1.0,0.13333333333333333,-0.0516
4.0,0.16085858585858584,0.8577
3.0,0.0,0.3612
3.0,0.0062500000000000056,0.0
2.0,-0.1,0.0
5.0,0.0,0.0
4.0,0.084375,-0.2617
3.0,0.0,-0.7876
4.0,0.08301587301587302,-0.8126
3.0,0.0,0.3612
2.0,-0.2,-0.2851
5.0,0.08687499999999998,0.8368
3.0,0.0,0.0
3.0,0.0,0.0
5.0,0.0,0.0
3.0,0.0,0.0
2.0,0.09375,0.9153
5.0,0.13636363636363635,0.25
2.0,0.45,0.6872
2.0,0.08333333333333333,0.7992
2.0,0.25,0.128
4.0,0.0,0.4215
5.0,0.28409090909090906,0.8591
2.0,-0.009259259259259259,0.0516
2.0,0.042857142857142864,0.296
4.0,0.375,0.6652
2.0,0.15,-0.3089
4.0,0.0,0.3182
3.0,0.06266233766233766,0.7763
3.0,0.125,0.4404
3.0,0.0,0.0
3.0,0.0,0.0
3.0,0.0,0.0
3.0,-0.09375,0.5009
5.0,0.0,-0.4215
4.0,0.09642857142857143,0.7684
2.0,0.2,-0.2982
5.0,0.18125,0.5707
5.0,0.0,0.0
5.0,-0.25,0.5398
4.0,0.049999999999999996,0.8271
5.0,0.475,0.4019
2.0,0.0,-0.0431
5.0,-0.26666666666666666,0.2392
5.0,0.4666666666666666,0.875
4.0,0.0,-0.3612
1.0,0.0,0.3612
1.0,0.25,0.4588
1.0,-0.125,0.0
4.0,0.05,0.0
3.0,0.0,0.0
5.0,0.0,-0.2263
5.0,0.6499999999999999,0.8932
2.0,0.15,0.8555
5.0,0.14739583333333334,0.9839
5.0,0.21818181818181817,0.9821
3.0,1.0,0.6114
4.0,0.5333333333333333,0.5719
3.0,0.0,0.4767
3.0,-0.09333333333333334,-0.8271
2.0,-0.4,-0.4927
1.0,-0.6666666666666666,0.0
5.0,-0.08083333333333334,-0.1761
1.0,0.0,-0.3818
5.0,0.0,0.0
3.0,0.22916666666666666,0.6369
3.0,0.24999999999999997,0.7184
3.0,0.0,0.3291
1.0,0.0,0.0
3.0,-0.1875,0.0
5.0,0.0,0.3612
5.0,0.8,0.8074
2.0,-0.25,-0.1779
1.0,-0.8,-0.5994
5.0,-0.08,0.2023
2.0,-0.375,-0.128
1.0,0.0,-0.541
5.0,0.25,0.2755
2.0,0.08750000000000001,-0.1477
4.0,0.0,0.5106
4.0,0.12433862433862435,0.1027
4.0,0.0,0.0
2.0,-0.05000000000000002,-0.1531
5.0,0.0,0.7717
2.0,-0.1074074074074074,0.8881
4.0,0.20222222222222222,0.9437
3.0,0.0,-0.2732
2.0,0.08779761904761903,-0.3634
2.0,0.07936507936507936,0.8248
3.0,0.38246753246753246,0.9612
2.0,-0.045555555555555544,-0.9823
3.0,0.17500000000000002,0.8126
2.0,-0.09999999999999999,-0.3516
5.0,0.1,0.8475
4.0,0.2833333333333333,0.5719
2.0,-0.175,0.5423
3.0,0.10496527777777778,0.799
4.0,0.1078125,0.9284
3.0,-0.05000000000000001,-0.4767
4.0,-0.16666666666666666,-0.0572
3.0,0.1716666666666667,0.9549
5.0,0.05185185185185184,0.4767
5.0,0.0,0.0
3.0,0.08142857142857143,0.9382
2.0,0.1766666666666667,-0.4268
3.0,0.012500000000000004,0.7351
5.0,0.4,0.5719
4.0,0.21212121212121213,0.34
5.0,0.15,0.8702
1.0,-0.023214285714285715,0.8537
3.0,0.03796296296296296,0.6956
2.0,-0.15357142857142858,-0.3182
5.0,0.26666666666666666,0.8885
5.0,0.246875,0.7579
2.0,-0.020238095238095243,0.8074
5.0,0.15499999999999997,0.9492
2.0,0.014285714285714282,-0.25
2.0,0.3714285714285714,0.0439
5.0,-0.01666666666666668,0.8271
4.0,-0.21666666666666667,-0.6057
3.0,0.0,0.0
2.0,-0.05,0.0
1.0,0.011111111111111113,0.3612
1.0,-0.31851851851851853,0.25
3.0,-1.0,0.4767
3.0,0.25833333333333336,-0.2091
1.0,0.0,-0.4215
1.0,0.0,0.4939
1.0,-0.016666666666666666,0.7269
1.0,0.11488095238095238,0.3425
2.0,0.3,-0.3412
3.0,0.10416666666666667,0.0
2.0,0.17222222222222222,-0.4588
2.0,-0.15,-0.2263
4.0,0.0,-0.5994
3.0,0.30486111111111114,0.4767
2.0,0.3,0.6809
3.0,0.0,0.6486
4.0,0.12500000000000003,0.5719
5.0,-0.2,0.6249
3.0,0.0,0.5423
3.0,0.12575757575757576,-0.5023
4.0,0.4055555555555556,0.7778
5.0,0.15000000000000002,0.6249
5.0,0.0,0.0
1.0,-0.4833333333333332,-0.6629
1.0,0.3,0.875
5.0,0.22499999999999998,0.8402
5.0,0.3,0.2023
3.0,-0.012499999999999997,-0.5165
1.0,0.20000000000000004,0.4939
4.0,0.20714285714285713,0.8519
5.0,-0.04999999999999999,0.6542
2.0,-0.05555555555555556,0.5187
4.0,-0.3208333333333333,-0.4843
4.0,0.08124999999999999,0.7579
3.0,-0.125,-0.5927
2.0,-0.25,0.3612
3.0,0.7,0.3182
1.0,0.35,-0.4391
5.0,-0.11590909090909092,0.0408
2.0,0.0,0.3612
1.0,0.0375,-0.8625
5.0,0.5,0.0
2.0,0.0,0.0
1.0,-0.11574074074074076,-0.8297
2.0,0.24166666666666667,-0.6808
3.0,-0.08273809523809524,0.9543
2.0,-0.008333333333333331,0.3612
5.0,-0.0319047619047619,-0.7458
2.0,0.12222222222222223,0.8343
3.0,0.0,0.0
1.0,0.17142857142857146,0.9066
5.0,0.09166666666666667,0.4888
5.0,0.5272727272727272,0.802
5.0,0.3888888888888889,0.7269
2.0,0.21443452380952382,0.4939
3.0,0.20625,0.3468
5.0,0.1255952380952381,-0.4785
5.0,0.0,0.6007
2.0,0.23749999999999996,0.9109
5.0,0.7,0.5106
5.0,0.6,0.6369
2.0,-0.75,-0.4767
2.0,-0.16666666666666666,0.8225
2.0,-0.4125,-0.8807
3.0,0.44999999999999996,0.7269
5.0,0.2,0.743
3.0,-0.08009259259259259,0.3845
2.0,0.0,-0.296
5.0,0.0,0.0
3.0,0.0,0.0
1.0,0.0,0.7378
5.0,0.3333333333333333,0.3182
3.0,-0.1875,0.0
5.0,0.6333333333333333,0.93
2.0,-0.1,0.666
5.0,0.0,0.3939
1.0,0.0,0.0
2.0,-0.05,-0.1154
3.0,0.0,0.0
3.0,-0.007314285714285709,0.9813
3.0,-0.7,-0.3634
2.0,0.2,0.1027
3.0,0.0,0.5023
1.0,-0.6,-0.6933
4.0,0.0,0.6003
2.0,0.0,-0.4118
1.0,-0.20833333333333334,-0.34
3.0,0.0,0.9174
4.0,0.353125,0.8432
4.0,0.0,0.0
3.0,0.5666666666666668,0.9352
2.0,0.0,0.0
2.0,0.1490909090909091,0.1531
2.0,0.028787878787878782,-0.0516
4.0,0.4,0.8271
1.0,0.0,0.0
3.0,-0.1875,0.0
3.0,0.0,0.2263
3.0,0.0,0.0
5.0,0.0,0.0772
5.0,0.0,0.1695
5.0,1.0,0.8126
4.0,0.1,0.0
4.0,-0.11666666666666667,-0.3384
2.0,-0.052976190476190475,0.0129
4.0,0.19274691358024693,0.9944
5.0,0.3103571428571429,0.9524
5.0,0.35714285714285715,0.1779
3.0,0.2619047619047619,0.9489
1.0,0.09166666666666667,0.6996
1.0,0.19999999999999998,-0.69
3.0,-0.125,0.0
3.0,0.03333333333333333,-0.2537
5.0,0.0,0.0
5.0,0.0,0.0
3.0,0.0,0.0
3.0,0.0,0.0
2.0,-0.14166666666666666,-0.4767
3.0,0.21428571428571427,0.2732
2.0,0.125,0.3612
2.0,0.2452020202020202,0.5106
3.0,-0.003333333333333327,0.0
1.0,0.0,0.0
3.0,0.0,-0.68
1.0,0.09555555555555555,-0.3197
5.0,0.09027777777777778,-0.2714
5.0,0.0,0.0
4.0,-0.09722222222222222,0.0
1.0,0.0,0.0
5.0,0.1,0.4019
5.0,-0.2125,-0.2755
5.0,0.06944444444444445,0.5255
3.0,0.0,-0.4926
1.0,0.0,0.0
1.0,0.14999999999999997,-0.0516
5.0,0.1,0.0
5.0,-0.4,-0.743
5.0,0.7000000000000001,0.4404
2.0,0.26948051948051943,0.9233
5.0,0.0,0.0
4.0,0.0,0.2728
4.0,0.3958333333333333,0.7717
2.0,-0.125,0.0
3.0,0.35,0.0
3.0,-0.1875,0.0572
1.0,0.0,0.0772
5.0,0.11442857142857146,-0.7429
4.0,-0.19285714285714284,0.3071
5.0,0.0,0.1901
4.0,0.30714285714285716,0.2732
3.0,0.0,0.0
2.0,-0.020238095238095246,-0.34
1.0,0.03333333333333335,0.4767
2.0,0.2333333333333333,0.0772
5.0,0.0,0.0
4.0,0.3,0.4201
3.0,-0.10714285714285714,-0.2057
4.0,0.46111111111111114,0.9288
4.0,0.27083333333333337,0.2716
3.0,0.16145833333333331,0.6124
4.0,0.07878787878787878,0.2933
1.0,-0.19999999999999996,-0.6249
5.0,0.21428571428571427,0.4939
3.0,0.13333333333333333,0.7869
4.0,0.6499999999999999,0.4404
5.0,0.14583333333333334,0.0
5.0,-0.09642857142857143,-0.92
2.0,0.0798611111111111,0.4767
2.0,0.0,0.0
5.0,0.16666666666666666,-0.4767
3.0,0.8,0.8462
4.0,0.0062500000000000056,0.0
4.0,0.5333333333333333,0.807
2.0,0.09523809523809523,-0.3245
4.0,0.07333333333333333,0.6901
4.0,0.15833333333333333,0.6597
3.0,0.0,-0.3612
4.0,0.39999999999999997,0.875
3.0,0.25,0.3182
4.0,0.24761904761904763,0.7936
4.0,0.1,0.3818
3.0,0.006249999999999999,0.0
2.0,0.125,-0.4215
2.0,-0.35,-0.3412
3.0,0.25,0.296
3.0,0.4,0.8232
5.0,0.4481481481481482,0.6997
1.0,-0.4,-0.6642
1.0,-0.2375,0.1027
4.0,-0.231875,-0.3883
2.0,0.0,0.0
5.0,0.29500000000000004,0.8779
2.0,0.35,-0.2782
3.0,-0.13125,0.7548
3.0,0.0,0.6207
4.0,0.15000000000000002,0.9451
2.0,0.08333333333333333,0.1905
3.0,0.03125,0.6472
2.0,-0.1,0.4019
5.0,-0.26666666666666666,0.0
2.0,-0.28125,0.4019
3.0,0.19404761904761902,0.7819
5.0,-0.05648148148148148,-0.9048
3.0,-0.2916666666666667,-0.7684
2.0,0.0,0.0
3.0,-0.041666666666666685,-0.8043
2.0,0.5,-0.1779
5.0,0.08825757575757577,0.9363
1.0,0.21666666666666667,0.3612
2.0,0.0,-0.6124
2.0,-0.1225,-0.817
4.0,0.10500000000000001,-0.1027
2.0,-0.13299319727891157,-0.9168
5.0,-0.027380952380952377,0.9504
1.0,-0.175,0.5878
2.0,0.09166666666666667,0.0772
3.0,0.1,0.0
5.0,0.125,0.0
4.0,-0.125,0.4101
4.0,0.4666666666666666,0.7269
2.0,-0.31666666666666665,0.5267
3.0,0.4125,0.8074
5.0,0.19999999999999998,0.9151
1.0,-0.25,0.3818
3.0,0.2,0.0
1.0,0.0219387755102041,0.8716
3.0,0.07670454545454547,0.9129
2.0,0.1375,0.5927
2.0,0.375,0.0
4.0,-0.06666666666666667,0.4215
4.0,-0.030000000000000006,0.3612
5.0,0.375,0.4019
5.0,0.1056547619047619,0.0
4.0,0.16666666666666666,0.7506
2.0,-0.006249999999999999,0.6908
3.0,-0.15555555555555556,0.0
4.0,0.7,0.2263
3.0,0.4333333333333333,0.9366
2.0,1.850371707708594e-17,-0.2853
2.0,0.0,0.0
3.0,-0.033333333333333326,0.7851
2.0,-0.011666666666666653,0.2975
4.0,-0.04791666666666668,0.8487
2.0,-0.04999999999999999,0.3384
2.0,0.4666666666666666,-0.3818
2.0,0.03125,-0.128
2.0,0.13333333333333333,0.25
3.0,0.0,0.0
4.0,-0.09375,0.0
2.0,0.3666666666666667,-0.128
4.0,-0.1875,0.0
5.0,0.085,0.743
4.0,0.07526455026455027,0.7044
2.0,0.65,0.4927
2.0,-0.2,-0.4767
2.0,0.0,0.0
5.0,-0.08333333333333333,-0.2617
2.0,0.19,0.8456
4.0,0.025,0.0772
4.0,0.13999999999999999,0.8807
2.0,0.3,0.5574
4.0,0.2916666666666667,0.3182
5.0,0.2875,0.5562
3.0,-0.1875,0.3612
4.0,0.0659090909090909,-0.8126
3.0,0.045288045288045295,-0.5175
2.0,-0.11633333333333333,-0.7843
5.0,-0.05,0.6637
4.0,0.2785714285714285,0.4767
2.0,0.10113636363636364,-0.8408
4.0,-0.04841269841269843,-0.8316
2.0,-0.09523809523809523,-0.4738
3.0,0.0,-0.357
2.0,0.175,0.5423
2.0,-0.030612244897959193,-0.2846
3.0,-0.125,-0.8402
3.0,-0.009259259259259264,-0.6728
2.0,-0.2,0.0
3.0,-0.1,0.0772
2.0,-0.3762857142857142,0.128
5.0,-0.08295454545454545,-0.7096
3.0,0.0,0.0
2.0,0.8,0.6369
3.0,-0.0625,0.1027
2.0,-0.09999999999999998,-0.8225
2.0,0.2333333333333333,-0.1725
3.0,0.475,0.4767
2.0,0.0,0.0
3.0,0.29901960784313725,0.9726
5.0,0.22499999999999998,0.2263
5.0,0.1333333333333334,0.6369
3.0,0.0,0.0
4.0,0.2,0.3612
2.0,-0.15277777777777776,0.836
2.0,0.11583333333333334,0.9399
5.0,0.08,0.8173
5.0,0.190625,0.8555
3.0,0.2,0.0
1.0,0.0,-0.6124
3.0,0.0875,0.3818
1.0,0.0,0.4939
3.0,-0.08333333333333333,0.0
1.0,0.0,0.0
4.0,0.2583333333333333,0.7677
5.0,0.12666666666666665,0.3818
5.0,0.025,0.0
5.0,0.0,0.0
4.0,0.073015873015873,0.8934
2.0,-0.015833333333333335,0.1945
5.0,0.25,0.9052
2.0,-0.08,-0.7096
3.0,0.05833333333333333,0.6369
3.0,-0.2990079365079365,-0.6393
1.0,-0.2424242424242424,-0.7772
1.0,-0.27111111111111114,-0.9041
2.0,0.08333333333333333,0.0
3.0,0.0,0.0
3.0,0.0,0.0
1.0,0.0,0.0
1.0,0.0,-0.3818
4.0,0.6,-0.3612
3.0,0.15000000000000002,-0.6124
4.0,0.25,0.3818
5.0,0.19999999999999998,-0.0772
2.0,0.25555555555555554,-0.4939
1.0,-0.009999999999999998,-0.9056
1.0,0.0,-0.5423
1.0,0.0,0.0
3.0,-0.8,-0.7506
1.0,-0.2333333333333333,-0.5719
1.0,0.09907407407407406,0.8018
5.0,-0.15000000000000002,0.743
4.0,0.007234432234432235,0.7787
4.0,0.02499999999999999,-0.922
3.0,0.0,0.0
5.0,-0.08543956043956046,-0.4588
4.0,-0.04791666666666668,0.0
1.0,-0.03650793650793651,0.2391
3.0,0.2333333333333333,0.7579
1.0,0.16461038961038962,0.6302
2.0,0.0,-0.4797
1.0,-0.03809523809523809,0.4939
4.0,0.4666666666666666,0.7096
2.0,0.0,-0.128
3.0,0.05,0.0
4.0,-0.11458333333333336,0.9679
2.0,0.0,0.0
5.0,-0.1,0.4939
5.0,0.3,0.0
5.0,0.25,0.6369
3.0,0.16428571428571428,0.5187
3.0,0.0,0.0
3.0,0.0,-0.7351
2.0,-0.16527777777777777,-0.3774
3.0,0.11249999999999999,-0.3597
1.0,0.25416666666666665,0.5549
5.0,0.0,0.0
5.0,0.7,0.5346
5.0,0.38333333333333336,-0.5916
3.0,0.053125000000000006,-0.5927
2.0,0.0,0.0
1.0,0.32,0.2732
1.0,0.06910401002506267,0.9439
1.0,0.1,0.6369
1.0,0.1,-0.3612
3.0,0.1667857142857143,0.9166
3.0,0.30624999999999997,0.9242
5.0,0.5,0.6896
2.0,0.020370370370370372,-0.9051
1.0,0.16071428571428578,0.7506
1.0,0.5,0.1154
2.0,0.21785714285714283,0.4939
3.0,0.06805555555555555,0.0
3.0,0.0,0.2057
3.0,0.0,0.7096
4.0,0.0,0.7579
3.0,0.14444444444444446,0.0772
2.0,0.2,-0.296
2.0,0.7,-0.7847
4.0,0.0,0.0094
2.0,0.2,0.0258
3.0,0.7,-0.1497
5.0,-0.23333333333333334,-0.6571
3.0,0.54,0.7425
2.0,-0.14375,0.0
2.0,0.0,0.0
4.0,0.04869444444444444,0.8388
3.0,0.0,0.0
5.0,0.303125,0.8122
5.0,0.31666666666666665,0.8415
5.0,0.36428571428571427,0.906
5.0,-0.04814814814814813,0.2732
1.0,-0.24722222222222223,-0.4825
1.0,0.43333333333333335,0.3932
3.0,-0.21666666666666667,0.2732
4.0,0.35833333333333334,0.8338
3.0,0.3,-0.3818
3.0,0.08714285714285712,0.8176
1.0,-0.05857142857142853,0.8658
2.0,0.0,-0.775
2.0,-0.5,0.7968
3.0,0.0,0.0
3.0,0.0,0.0
3.0,0.0,0.0
5.0,0.24083333333333337,0.6304
5.0,0.7,0.3612
4.0,0.14375,0.8271
2.0,-0.014285714285714285,-0.3291
3.0,0.07250000000000001,-0.8338
5.0,0.06562499999999999,0.3773
4.0,0.0,0.0
4.0,0.42500000000000004,0.8622
5.0,0.0,0.3382
4.0,0.044722222222222226,0.8948
3.0,0.0,0.0258
4.0,0.07762113617376773,0.9576
3.0,-0.003571428571428575,-0.3919
5.0,0.09642857142857142,-0.296
3.0,0.0952991452991453,-0.0516
2.0,0.0,-0.0516
3.0,0.8,0.5859
5.0,-0.021875000000000006,0.7447
3.0,-0.14375,0.0
3.0,-0.043452380952380944,0.0258
2.0,0.011111111111111113,0.0111
1.0,0.0,0.4215
3.0,-0.1875,0.0
1.0,0.0,-0.2263
2.0,0.019047619047619056,0.0258
4.0,0.06666666666666667,0.0516
1.0,0.35,0.0258
3.0,0.11785714285714285,0.0
2.0,0.12936507936507938,0.4152
3.0,-0.14365079365079364,0.4019
4.0,-0.020370370370370386,0.9411
2.0,0.0,0.0
2.0,-0.029166666666666657,0.3182
4.0,0.05833333333333333,0.0
4.0,0.08775510204081631,0.8874
1.0,0.5,0.0
3.0,0.16626984126984126,0.8221
2.0,-0.0625,0.1779
4.0,0.10499999999999998,0.5423
4.0,0.09587912087912086,0.9476
3.0,0.1625,-0.1027
2.0,0.28165584415584416,0.9247
2.0,0.2020833333333333,-0.3291
2.0,0.24129761904761904,0.8222
3.0,0.08888888888888888,0.9331
4.0,0.007142857142857141,0.4767
2.0,0.06,0.128
2.0,0.25625,0.6412
4.0,0.19226190476190474,0.765
5.0,0.2125,-0.631
1.0,0.07175925925925924,0.25
4.0,-0.0625,0.0772
2.0,-0.00416666666666667,0.3008
2.0,-0.5,0.0772
5.0,0.0377551020408163,0.4767
5.0,-0.275,-0.3164
5.0,0.4,0.6369
5.0,0.0,0.4019
5.0,0.0,0.0
4.0,0.05,0.5106
4.0,0.025,0.4927
5.0,0.18015873015873016,0.8831
3.0,0.04999999999999999,0.7255
3.0,0.16583333333333333,-0.3166
5.0,0.07970779220779221,0.875
3.0,0.125,0.695
4.0,0.35000000000000003,0.9253
5.0,0.0,0.8934
3.0,-0.049999999999999996,0.0
5.0,-0.003030303030303031,-0.8751
2.0,0.0,-0.3114
3.0,0.0,0.0
1.0,-0.3958333333333333,-0.7717
5.0,0.0,-0.5423
5.0,0.23958333333333334,0.7147
2.0,-0.125,0.0258
5.0,0.0,0.0
5.0,-0.05,0.0
5.0,0.2,0.3182
2.0,-0.007142857142857131,0.2023
2.0,0.08526785714285716,0.5719
3.0,0.0,0.0
2.0,0.2857142857142857,0.0
2.0,-0.075,-0.6908
4.0,0.275,-0.2732
2.0,-0.11666666666666665,-0.4168
4.0,0.18095238095238095,0.4215
2.0,0.6,0.5574
3.0,0.25,0.886
2.0,0.18333333333333332,0.9356
3.0,0.21428571428571427,0.0
4.0,0.35,0.0
4.0,-0.1063492063492063,0.1205
1.0,0.10268648018648016,0.9019
4.0,0.375,0.9603
5.0,0.0,0.5719
4.0,0.03333333333333333,0.5267
3.0,0.0,0.6369
5.0,0.0,0.2263
3.0,0.5,-0.3556
5.0,0.0,0.0
5.0,0.2857142857142857,0.4404
3.0,0.3333333333333333,0.0
5.0,0.0,0.6369
1.0,0.2333333333333333,0.75
2.0,0.2,0.34
5.0,-0.125,0.0
4.0,0.0,0.0
1.0,-0.02575757575757577,-0.3657
3.0,0.0,0.0
3.0,0.25999999999999995,0.296
3.0,-0.14166666666666666,-0.1128
3.0,0.016666666666666677,0.5994
1.0,-0.35,0.5155
2.0,0.04861111111111111,-0.8515
5.0,0.24000000000000005,0.8977
5.0,0.20000000000000004,0.8057
4.0,0.4375,0.9591
5.0,-0.029761904761904736,0.7959
5.0,0.12708333333333335,0.7916
2.0,0.25,-0.4215
3.0,-0.025,0.0
5.0,0.0,0.1695
4.0,-0.15000000000000002,0.015
2.0,-0.4,-0.2263
3.0,-0.09375,0.3818
2.0,0.05,0.0
3.0,-0.125,-0.6124
3.0,0.4361111111111111,0.4767
3.0,0.0,0.0
3.0,-0.03888888888888889,0.4404
2.0,0.11296296296296297,-0.1154
4.0,0.0,0.0
5.0,0.0,-0.4389
3.0,0.1397619047619048,0.5719
3.0,0.05,0.0
4.0,0.22333333333333333,0.4294
1.0,-0.01771164021164022,0.8979
2.0,0.020312499999999997,0.9464
3.0,0.0,0.2263
5.0,0.1611111111111111,0.6597
2.0,-0.4,-0.5256
3.0,0.00416666666666667,-0.6124
3.0,-0.6999999999999998,-0.8625
3.0,-0.15555555555555556,-0.9902
5.0,-0.01,-0.5047
2.0,-0.016666666666666646,-0.9264
5.0,0.009523809523809521,0.7184
2.0,-0.12187500000000001,0.0
4.0,0.22499999999999998,0.7096
2.0,0.00027056277056278477,-0.8733
3.0,0.6,0.3804
3.0,-1.3877787807814457e-17,-0.9744
1.0,-0.07932291666666666,0.2212
5.0,0.0666666666666667,0.4019
1.0,0.2833333333333333,0.0
2.0,-0.1,0.0
2.0,0.24375,0.8435
4.0,0.1494047619047619,0.9039
3.0,0.037500000000000006,0.7269
3.0,0.3666666666666667,0.4144
4.0,0.2,0.0
5.0,0.20714285714285713,0.9531
1.0,0.15,0.687
3.0,0.0,0.5423
5.0,0.184375,0.9741
2.0,0.08249999999999999,-0.4767
2.0,-0.3125,0.25
1.0,-0.017857142857142863,-0.2449
2.0,-0.04821428571428571,0.1027
2.0,-0.03333333333333333,0.4215
3.0,-0.10535714285714286,0.6808
3.0,0.3,-0.4215
5.0,0.0,-0.7579
2.0,0.0,0.6428
5.0,-0.01157782276203329,0.2099
1.0,-0.08214285714285716,-0.9529
1.0,-0.4,-0.7648
3.0,0.0,0.0
2.0,0.06336805555555555,0.6369
4.0,0.0,0.4939
4.0,-0.4,0.2732
3.0,0.25,0.2263
2.0,0.00888888888888889,0.7003
3.0,0.0,0.0
1.0,0.3,-0.3875
2.0,-0.625,0.0
3.0,0.08482142857142858,0.9052
3.0,0.27249999999999996,0.5254
2.0,0.015625,0.3818
5.0,-0.1625,-0.25
5.0,0.0,0.6239
1.0,0.0,0.6249
1.0,0.0,0.0
5.0,0.55,0.4404
2.0,0.35,0.6808
3.0,0.038888888888888876,0.09
2.0,-0.09583333333333333,-0.4019
1.0,0.25,0.0
1.0,0.0,0.0772
3.0,0.0,0.0
3.0,0.0,0.0
3.0,0.0,0.0
3.0,0.0,0.6249
1.0,-0.09583333333333333,0.6865
2.0,0.25,-0.128
2.0,-0.021875,0.0
2.0,0.2708333333333333,0.7177
1.0,0.049999999999999996,0.7096
2.0,0.0,-0.34
1.0,-0.07777777777777778,0.8995
1.0,0.16666666666666666,-0.2944
3.0,0.24,-0.8756
4.0,-0.04583333333333334,0.7184
5.0,0.1,0.3612
2.0,0.0,0.0
3.0,0.0,0.0
1.0,0.0,-0.2023
2.0,-0.1875,-0.7391
3.0,0.0,0.1779
2.0,-0.07196969696969698,0.8555
2.0,-0.30763888888888885,-0.9766
3.0,-0.43333333333333335,-0.7964
1.0,-0.24999999999999997,-0.8102
1.0,0.058333333333333355,0.9331
5.0,-0.3333333333333333,0.1779
3.0,-0.03333333333333333,-0.4767
1.0,0.06558641975308642,0.9559
3.0,0.10000000000000002,0.8561
1.0,-0.5625,-0.5994
2.0,-0.09999999999999992,0.8305
2.0,-0.55,-0.5346
2.0,0.22000000000000003,0.6135
1.0,0.019444444444444448,-0.9168
3.0,0.22666666666666666,0.6786
2.0,-0.08929738562091503,-0.7905
3.0,0.2,0.8519
5.0,0.10555555555555557,0.9386
4.0,0.24814814814814815,0.5106
3.0,0.0,0.0
5.0,0.14494949494949497,0.8447
5.0,0.8,0.7783
1.0,0.125,0.0
5.0,0.07321428571428572,0.7721
3.0,0.0,0.0
1.0,-0.125,-0.25
4.0,0.0,-0.34
3.0,0.16666666666666666,0.2023
2.0,-0.015625,-0.296
2.0,0.016666666666666666,-0.5574
2.0,-0.0375,-0.6124
4.0,0.16588203463203463,0.9731
4.0,0.33125,0.5956
2.0,0.06666666666666665,0.8079
2.0,0.0,-0.4767
4.0,-0.07916666666666666,0.0068
1.0,-0.08,-0.4404
4.0,0.05529100529100528,-0.7964
5.0,0.19,0.2023
2.0,-0.0375,0.0
3.0,-0.12777777777777777,0.0516
1.0,0.0,0.3612
2.0,0.03941798941798943,-0.3256
2.0,0.1886574074074074,0.9804
2.0,0.5,0.3597
5.0,0.1367564534231201,0.92
2.0,0.0,0.4019
2.0,-0.25,-0.7506
5.0,0.0,0.0
2.0,-0.15000000000000002,0.3919
3.0,-0.09999999999999998,-0.1901
1.0,0.12499999999999999,0.5499
1.0,-0.01190476190476191,0.4404
2.0,0.3,0.2263
2.0,0.225,-0.1027
3.0,0.04583333333333334,0.872
4.0,0.009027777777777775,-0.6989
5.0,-0.0625,0.6597
4.0,0.0,0.0
5.0,0.16,0.4019
4.0,0.15000000000000002,0.765
4.0,0.5,0.0
4.0,0.5,-0.2263
2.0,0.05357142857142857,-0.34
5.0,-0.007158119658119659,-0.8673
2.0,0.13827160493827162,0.9088
5.0,0.24081632653061222,0.5719
5.0,0.03175213675213675,-0.5759
3.0,-0.5833333333333333,0.3182
1.0,-0.03452380952380951,0.0
4.0,0.39999999999999997,0.9776
2.0,-0.05833333333333333,-0.6582
3.0,0.09444444444444444,0.9392
1.0,0.3,0.3612
4.0,-0.29999999999999993,-0.5719
4.0,0.32,0.8316
5.0,0.11587301587301588,0.8809
1.0,0.25999999999999995,-0.9324
2.0,0.0,0.5574
5.0,0.1906084656084656,0.7506
4.0,0.04999999999999999,0.7717
2.0,-0.0975,0.3818
2.0,-0.25,0.3612
4.0,0.0,0.7096
2.0,-0.15555555555555556,0.0
2.0,0.078125,0.0
2.0,0.06749999999999999,0.25
2.0,0.22000000000000003,0.3612
2.0,-0.16666666666666666,0.0
5.0,-0.08333333333333333,-0.296
4.0,-0.09583333333333333,0.8885
5.0,0.12857142857142856,-0.5106
3.0,0.1111111111111111,0.5859
3.0,-0.02142857142857142,0.3612
2.0,0.2,0.4215
2.0,-0.04675925925925926,-0.2111
5.0,0.0,0.0
5.0,-0.12916666666666668,-0.4404
2.0,0.19166666666666665,0.3612
3.0,-0.048214285714285716,-0.6652
4.0,-0.0035714285714285774,-0.1779
5.0,0.32999999999999996,0.9231
3.0,-0.07013888888888889,-0.4767
2.0,0.004910714285714286,0.0516
4.0,0.19285714285714287,0.0
1.0,-0.01272727272727273,0.7227
5.0,0.0706168831168831,0.8176
2.0,-0.125,-0.3818
3.0,-0.15000000000000002,0.0
5.0,0.15555555555555559,0.4767
2.0,0.3,0.6908
5.0,0.1340909090909091,-0.2846
5.0,0.15,0.5226
5.0,-0.125,0.296
4.0,0.0,0.5719
5.0,0.0,0.4215
5.0,0.0,0.4588
4.0,0.07529761904761909,0.7056
4.0,0.0630952380952381,0.4767
4.0,0.08611111111111111,-0.5994
2.0,-0.06568181818181819,-0.8201
4.0,0.16527777777777777,0.9198
1.0,-0.16755050505050506,-0.7184
1.0,0.16964285714285715,-0.6582
2.0,0.2088744588744589,0.3646
1.0,0.0,0.0
3.0,0.0,0.4215
4.0,-0.06666666666666668,-0.1531
2.0,-0.8,-0.4926
1.0,0.0,0.0772
5.0,0.0,0.5256
5.0,0.0,0.0
1.0,0.09285714285714285,0.8251
2.0,0.028571428571428564,0.8176
5.0,0.20984848484848487,0.8527
3.0,0.07683982683982683,-0.7102
3.0,0.0,0.0
1.0,0.1453282828282828,0.4592
2.0,0.0,-0.8402
1.0,0.7,0.6705
5.0,0.07532051282051283,0.9848
3.0,0.32,0.9204
5.0,0.010119047619047625,0.7096
3.0,0.0,0.6808
1.0,-0.1875,0.0056
5.0,0.0,-0.296
1.0,0.16583333333333333,0.4228
2.0,0.20833333333333334,0.6319
2.0,0.21875,0.9619
1.0,0.0,0.0
4.0,-0.05,0.8591
2.0,0.06666666666666667,0.7645
4.0,-0.09833333333333331,0.6369
3.0,-0.05,-0.128
2.0,-0.16666666666666666,-0.743
2.0,0.24444444444444446,0.8481
2.0,-0.15,0.7964
2.0,0.39999999999999997,0.0
3.0,0.17898701298701297,0.9711
4.0,0.22323232323232323,0.0
2.0,0.3,0.7184
5.0,0.0,0.7717
3.0,0.3666666666666667,0.7096
2.0,0.3354166666666667,0.9617
3.0,0.27999999999999997,0.9332
5.0,0.19999999999999998,-0.2926
5.0,0.5,0.8555
4.0,0.2722222222222223,0.9022
1.0,0.375,0.3007
4.0,0.10666666666666666,0.3818
4.0,0.7333333333333334,0.2591
2.0,-0.02121212121212122,0.4939
2.0,0.060937500000000006,0.0
1.0,0.0,0.2584
2.0,-0.25,-0.4019
1.0,0.5,0.0
3.0,0.0,0.0
3.0,-0.2388888888888889,0.4203
1.0,-0.35,0.4404
4.0,0.24940151515151515,0.9854
3.0,0.1368347338935574,0.947
2.0,0.1392857142857143,0.6597
2.0,0.24107142857142858,-0.7814
4.0,0.16088961038961036,0.9744
3.0,0.30833333333333335,0.9916
3.0,0.125,0.9661
4.0,0.43333333333333335,0.978
5.0,0.5333333333333333,0.802
1.0,0.0,-0.4588
5.0,0.19642857142857142,0.3182
4.0,0.0,0.0
5.0,0.0,0.886
3.0,0.3333333333333333,0.8028
2.0,0.3,-0.4675
3.0,-0.013690476190476171,-0.3182
3.0,-0.09696969696969697,-0.6808
1.0,0.0,-0.6369
1.0,0.15000000000000002,0.7096
4.0,0.2,0.6778
4.0,0.1384920634920635,0.9139
1.0,0.13333333333333333,0.5859
5.0,0.3619047619047619,0.9067
1.0,-0.2318181818181818,-0.5719
3.0,-0.6,0.5267
5.0,0.07291666666666669,-0.3802
5.0,0.0,-0.5423
5.0,0.0,0.3612
5.0,0.3333333333333333,0.0
5.0,0.4,0.6486
1.0,0.0,0.0
5.0,0.4,0.7845
5.0,0.35,0.5106
5.0,0.0,0.0
3.0,0.0,0.0
4.0,-0.1875,0.0
3.0,0.11145833333333334,0.7495
5.0,0.25,0.0
2.0,0.10833333333333334,-0.2296
5.0,0.1,0.3438
4.0,0.5,0.2244
3.0,0.0,0.0258
3.0,0.2,0.6597
4.0,0.17285714285714285,0.6333
3.0,0.15,0.6486
2.0,0.11652097902097901,0.9411
3.0,0.39285714285714285,-0.0516
3.0,0.2477272727272727,0.6705
3.0,0.21515151515151515,0.7178
2.0,-0.125,-0.1027
2.0,-0.5,-0.1027
2.0,0.16,-0.0
2.0,0.14249084249084248,0.9002
3.0,0.0,0.5499
5.0,0.0,0.4019
5.0,0.203125,0.4588
5.0,0.44999999999999996,-0.2411
1.0,0.0,-0.34
3.0,0.06666666666666667,0.5994
1.0,-0.5,-0.7184
4.0,-0.0912878787878788,0.34
1.0,-0.4375,-0.5411
1.0,0.0,-0.3595
1.0,0.5619047619047618,0.4215
3.0,0.35,0.9565
5.0,0.5,0.4019
4.0,0.4910714285714286,0.8718
2.0,0.6000000000000001,0.358
4.0,0.23500000000000001,0.8316
4.0,0.12962962962962965,0.6249
2.0,0.22999999999999998,0.3612
2.0,-0.03809523809523807,-0.6369
2.0,0.15,0.2263
3.0,0.2,0.0
3.0,0.33,-0.3245
4.0,0.3041666666666667,0.8402
5.0,0.21625,0.4019
4.0,0.2714285714285714,-0.1027
2.0,0.6,0.577
2.0,-0.16666666666666666,-0.0258
2.0,0.2,0.2263
3.0,0.1,0.9072
3.0,-0.08333333333333333,0.4939
3.0,0.04166666666666667,0.1406
5.0,0.8,0.8807
2.0,0.030612244897959186,-0.3612
3.0,0.1486111111111111,0.6275
5.0,0.5,0.6114
3.0,0.18333333333333335,0.8721
4.0,0.30277777777777776,0.6582
1.0,0.0,0.34
5.0,0.0,0.5574
3.0,0.8,0.8271
3.0,0.0,0.0
1.0,0.0,-0.4215
1.0,0.00416666666666668,-0.4826
2.0,-0.13333333333333333,-0.3612
5.0,0.2,0.6239
1.0,0.7,0.7269
1.0,-0.15555555555555556,-0.6124
2.0,0.78,-0.228
4.0,0.43,0.799
1.0,-0.12,-0.0767
2.0,0.10395658263305321,-0.8592
1.0,-0.16999999999999998,-0.5859
2.0,0.1736111111111111,0.0
1.0,0.0,-0.7184
3.0,0.0,-0.34
3.0,0.1875,0.3182
1.0,-0.2518518518518518,-0.126
5.0,0.23,0.4404
5.0,0.22702777777777777,0.9336
2.0,0.071875,0.4199
4.0,0.21250000000000002,0.6801
5.0,0.3419642857142857,-0.1984
2.0,0.4,0.0
2.0,0.23730158730158724,0.7639
5.0,-0.25,-0.4215
1.0,0.16666666666666666,0.511
2.0,-0.033333333333333326,-0.4215
4.0,0.2375,-0.1002
1.0,0.228125,-0.4023
4.0,0.0,0.0
5.0,0.0,0.0
5.0,0.3597222222222222,0.7644
5.0,0.5,0.7424
1.0,0.0,0.3612
5.0,0.40625,0.7717
4.0,0.0,0.0
4.0,0.5083333333333333,0.9442
1.0,-0.14375,0.0
3.0,0.0,0.2732
5.0,0.0,0.0
1.0,0.0,0.0
3.0,-0.16666666666666666,-0.3412
3.0,0.0,-0.7783
1.0,0.0,0.6705
1.0,0.0,0.3612
3.0,0.20625,0.0
3.0,-0.1875,-0.2156
3.0,1.0,0.0
1.0,-0.036111111111111115,0.1984
3.0,0.0,-0.296
1.0,0.0,0.0
5.0,-0.625,-0.25
3.0,0.0,0.0
3.0,0.0,0.0
1.0,-0.0875,0.6566
5.0,0.0,0.0
1.0,0.0,-0.0572
4.0,0.0,0.0
5.0,0.0,0.0
4.0,0.0,0.3612
4.0,0.255,0.7579
3.0,0.15,0.5106
2.0,0.07777777777777778,0.8979
2.0,0.20571428571428568,0.9468
1.0,0.02648809523809524,0.398
1.0,0.0,0.2263
2.0,0.0,0.2263
3.0,0.1,0.7469
1.0,-0.03819444444444444,-0.3406
2.0,0.2833333333333333,-0.2732
4.0,0.33809523809523806,0.0258
2.0,0.075,0.4576
4.0,0.20727272727272728,0.8442
4.0,0.32999999999999996,0.765
2.0,0.17195616883116882,0.3892
2.0,0.0,0.0
3.0,-0.025,0.7096
4.0,0.12916666666666668,0.7713
3.0,0.36818181818181817,0.8573
3.0,0.0,0.4588
2.0,0.36250000000000004,0.7579
1.0,0.5,-0.2621
3.0,0.0,0.1027
4.0,0.06116071428571429,0.9533
3.0,0.4,-0.5994
2.0,0.1,-0.3612
3.0,0.12051357733175914,0.9644
2.0,-0.25,0.1901
2.0,0.16666666666666666,-0.0127
3.0,0.0,0.3716
2.0,0.1975,0.5284
2.0,0.13874999999999998,0.7096
5.0,0.0,0.1772
4.0,0.15,0.5574
4.0,0.14,0.7783
5.0,0.7,0.7351
3.0,-0.1875,0.0
1.0,0.0,0.0
1.0,0.0,0.0
3.0,0.27656250000000004,0.9041
5.0,0.8433333333333334,0.8011
2.0,0.15625,0.0
3.0,0.5532738095238096,0.9693
3.0,0.35750000000000004,0.8752
5.0,0.20833333333333331,0.4404
3.0,0.2,0.5267
1.0,0.1,0.1779
2.0,0.015625000000000014,0.5423
1.0,0.021666666666666674,0.9056
2.0,-0.1,-0.2023
2.0,0.12083333333333333,0.6597
3.0,0.33125,0.7809
2.0,0.17500000000000002,0.3811
4.0,0.1,0.0
2.0,0.0,0.5574
3.0,-0.2749999999999999,-0.8294
1.0,0.025,-0.9201
1.0,-0.5,-0.802
1.0,0.0,-0.855
2.0,0.21428571428571427,0.2732
2.0,0.03273809523809524,-0.9741
5.0,0.15,0.6105
4.0,-0.2875,-0.7345
1.0,0.0,-0.5994
3.0,0.0,0.0
3.0,0.0,0.0
3.0,0.4125,0.7424
3.0,0.0,-0.4019
2.0,0.0,0.0
3.0,0.0,0.0
3.0,0.0,0.0
1.0,0.1875,-0.3802
1.0,-0.3666666666666667,-0.624
3.0,-0.12916666666666668,-0.1531
5.0,0.48,0.8225
5.0,0.32499999999999996,0.6549
3.0,-0.25,0.6486
2.0,-0.29375,-0.4767
4.0,-0.1875,0.3612
1.0,0.25,0.0
3.0,0.0,0.5106
5.0,0.2,0.5984
5.0,0.1375,0.0777
4.0,0.1597222222222222,0.48
2.0,0.30238095238095236,0.4767
2.0,0.2733333333333334,-0.5647
5.0,0.0,0.0
1.0,0.0,0.0
1.0,0.0,0.0
3.0,-0.1875,-0.2975
1.0,0.0,0.3612
3.0,0.34642857142857136,0.7003
2.0,-0.08333333333333333,-0.4003
2.0,0.0,0.0
4.0,-0.6,-0.836
3.0,-0.23333333333333334,0.7351
4.0,0.2733333333333334,0.8221
3.0,0.21000000000000002,-0.5719
2.0,-0.24375000000000002,0.0
4.0,-0.19583333333333333,-0.5382
3.0,0.5619047619047618,0.7311
5.0,0.6,0.5719
4.0,0.4477777777777778,-0.1027
2.0,0.14,0.1007
2.0,0.1314814814814815,0.8438
4.0,0.0,0.4939
3.0,0.0,0.0
5.0,0.0,0.0
1.0,0.0,-0.0762
1.0,0.075,0.7737
2.0,0.056249999999999994,-0.8137
3.0,0.0,-0.25
3.0,0.0,0.0
1.0,-0.033333333333333326,0.3612
3.0,-0.05833333333333333,0.8625
2.0,0.2916666666666667,0.8126
3.0,0.0,0.0
3.0,-0.1875,0.0
5.0,0.15625,0.4404
2.0,-0.012499999999999999,0.1027
4.0,0.012499999999999997,0.4854
3.0,0.2833333333333333,0.2023
2.0,0.2,-0.0772
2.0,0.03141025641025642,0.4767
1.0,0.0,0.0772
2.0,0.1798611111111111,0.5709
3.0,-0.04583333333333334,0.0
3.0,-0.12187500000000001,0.0
4.0,0.075,0.8878
2.0,0.0,0.0
1.0,-0.08576388888888889,0.0
2.0,-0.1125,0.128
3.0,0.0,0.0
4.0,-0.11666666666666667,-0.8314
3.0,0.08845238095238095,0.696
4.0,0.12232142857142858,0.1531
4.0,-0.06666666666666665,-0.4678
2.0,-0.016666666666666666,0.0
2.0,-0.042881944444444445,0.2449
4.0,0.15870535714285716,0.9395
2.0,0.17900132275132277,0.8674
2.0,0.05000000000000002,-0.5994
2.0,0.033333333333333326,-0.8625
4.0,0.025,0.3909
5.0,0.24166666666666664,0.8657
2.0,0.325,0.9349
5.0,0.24282581453634086,0.9847
3.0,0.0,0.0
3.0,0.10178571428571428,0.6893
4.0,0.2020833333333333,0.8542
4.0,0.0,0.0
2.0,0.1375,0.5218
2.0,0.11555555555555556,-0.5581
3.0,0.08000000000000002,0.0516
2.0,0.13703703703703707,0.9623
3.0,0.20303030303030303,0.8714
3.0,0.016666666666666635,0.9371
2.0,0.010714285714285706,0.9377
4.0,0.18958333333333333,0.9538
2.0,0.3466666666666667,0.9274
4.0,0.65,0.8919
3.0,-0.275,-0.25
2.0,0.0,0.0
4.0,0.13636363636363635,0.6369
5.0,0.31363636363636366,0.9845
1.0,0.04829545454545455,0.9305
4.0,0.0,0.0
4.0,0.0607142857142857,0.875
2.0,0.020833333333333332,0.936
3.0,0.27499999999999997,0.6369
4.0,0.3,-0.4215
2.0,0.00999999999999999,0.7579
2.0,-0.24166666666666667,-0.8074
5.0,0.15,0.7574
2.0,-0.06666666666666667,0.5267
4.0,-0.1,0.6696
4.0,0.45,0.8519
4.0,-0.039880952380952385,0.3612
3.0,0.0,0.0
4.0,0.13749999999999998,0.9171
4.0,-0.07697649572649573,-0.537
3.0,-0.05714285714285714,-0.8314
2.0,0.06000000000000001,0.7234
1.0,0.0,0.0
1.0,0.0,0.0
5.0,-0.3125,0.0
2.0,0.3333333333333333,-0.5095
5.0,0.0,-0.1027
2.0,0.020833333333333332,0.4939
1.0,0.06640625,0.4561
5.0,0.0,0.4019
5.0,0.0,0.0
3.0,0.0,-0.296
3.0,-0.25,-0.6486
4.0,0.26666666666666666,0.8957
4.0,0.6,-0.296
2.0,0.0,0.5413
2.0,0.16785714285714287,0.0
3.0,0.0,0.2732
4.0,0.8,0.4588
3.0,-0.125,0.0
4.0,-0.8,0.2144
1.0,-0.59375,-0.7506
3.0,0.35,0.4767
3.0,-0.25,0.8282
2.0,0.26,0.5423
3.0,0.2066666666666667,0.2508
2.0,0.03,-0.7876
3.0,-0.09761904761904762,0.4576
2.0,0.025,-0.0624
1.0,0.125,0.2124
2.0,-0.09090909090909091,-0.2168
3.0,0.475,0.6478
2.0,-0.15000000000000005,-0.8275
2.0,0.058333333333333334,-0.7463
3.0,0.0,0.0
4.0,-0.125,0.4939
2.0,-0.023809523809523808,-0.0772
3.0,0.25,0.0
3.0,0.25,0.3182
4.0,0.525,0.679
2.0,0.09285714285714286,0.0387
2.0,0.7,0.799
2.0,0.125,0.5994
1.0,-0.13392857142857142,0.0
5.0,0.0,0.0
5.0,0.45,0.2716
2.0,-0.125,0.0
2.0,0.0,0.0
2.0,-0.07500000000000001,-0.25
4.0,-0.2,0.0
1.0,-0.11666666666666665,-0.8591
5.0,0.06666666666666667,0.7964
5.0,0.45,0.5423
5.0,0.2333333333333333,0.4215
4.0,0.0,0.128
1.0,-0.23611111111111108,-0.34
4.0,0.27222222222222225,0.9702
4.0,0.05,0.0
2.0,-0.16666666666666666,-0.6705
2.0,-0.09583333333333333,-0.34
3.0,-0.35,-0.8271
2.0,0.1166666666666667,0.7378
4.0,-0.061904761904761914,0.5553
3.0,0.6,0.0
2.0,0.25,0.4939
4.0,0.05793650793650793,0.0
2.0,0.0,-0.6249
1.0,0.0,-0.4767
5.0,0.23392857142857143,0.6597
1.0,0.0,0.4019
1.0,0.0,0.0
2.0,0.0,0.0
3.0,0.10277777777777779,0.7705
5.0,0.0,0.0
5.0,0.43333333333333335,0.34
5.0,0.2,0.4902
3.0,0.0,0.0
4.0,0.12291666666666669,0.9633
2.0,0.0,0.2732
3.0,0.1,0.7481
2.0,-0.09375,-0.5267
4.0,-0.016666666666666666,0.9242
3.0,0.0,0.3851
2.0,0.06875,-0.9356
2.0,-0.041666666666666664,-0.2753
3.0,0.2,0.2944
3.0,0.5,0.0
2.0,0.020833333333333332,-0.3278
2.0,-0.016666666666666666,-0.67
3.0,0.2145833333333333,0.0
2.0,0.03229166666666666,0.3687
4.0,0.1896428571428571,0.985
4.0,0.09999999999999999,0.3818
2.0,0.06666666666666667,0.7906
2.0,0.0,0.2263
1.0,0.0,-0.4767
1.0,-0.25,-0.1027
3.0,0.0,0.4767
4.0,0.14750000000000002,0.7045
4.0,0.0,0.34
4.0,0.030612244897959186,0.9596
4.0,0.16999999999999998,0.7121
3.0,0.0,-0.34
2.0,0.07604166666666666,0.0571
3.0,-0.3125,0.0
3.0,0.1486111111111111,0.7351
2.0,-0.0025000000000000022,0.0
4.0,0.0,0.0
3.0,-0.09375,-0.3071
2.0,0.21250000000000002,-0.3143
4.0,0.15625,0.6369
3.0,0.135,0.8387
1.0,0.08666666666666667,0.8402
2.0,0.15694444444444444,0.9239
1.0,0.03750000000000001,0.705
1.0,-0.046875,0.3744
3.0,-0.05714285714285715,0.1189
2.0,0.45,0.4927
3.0,-0.06,0.898
4.0,0.15,-0.0202
1.0,-0.05972222222222222,-0.2115
5.0,0.47361111111111115,0.9263
3.0,0.0,0.0747
5.0,0.0,0.128
5.0,0.1111111111111111,0.9336
1.0,0.0,-0.0516
1.0,0.0,0.0
5.0,-0.1,0.8979
2.0,0.033333333333333326,0.8311
4.0,0.09000000000000001,0.5397
2.0,0.2636363636363636,0.9571
4.0,0.5,0.7269
4.0,-0.07222222222222223,0.4767
3.0,-0.020312499999999997,0.2406
3.0,0.0,0.0
2.0,0.13459821428571425,0.2263
1.0,0.07272727272727274,-0.7973
3.0,0.1714285714285714,-0.0258
3.0,-0.25,0.0
4.0,0.3,0.5719
5.0,0.15499999999999997,0.9042
2.0,0.0,0.8918
3.0,0.13214285714285715,0.7269
2.0,0.15625,-0.296
2.0,-0.4,-0.357
2.0,0.34285714285714286,0.9169
2.0,0.0,-0.2023
3.0,0.35,0.1754
3.0,0.0,-0.4215
3.0,0.5,0.8126
5.0,0.5,0.7783
1.0,0.25,0.0
1.0,0.3333333333333333,0.7579
3.0,0.0,0.0
3.0,0.0,0.0
2.0,0.0,0.3612
2.0,0.14,0.3597
2.0,0.5,-0.34
1.0,0.0,0.0
3.0,0.0,0.0
3.0,0.0,0.0
3.0,0.0,0.0
2.0,0.08148148148148149,-0.864
2.0,0.3,-0.0772
5.0,0.75,0.8268
4.0,0.26666666666666666,0.937
3.0,0.4,0.5208
2.0,-0.1,-0.6808
1.0,0.0,0.3182
2.0,-0.25,-0.0685
1.0,0.155,0.9231
3.0,0.0,0.0
2.0,-0.20416666666666666,-0.7506
2.0,0.375,0.0927
3.0,0.046130952380952384,0.6249
3.0,0.007142857142857141,0.8625
5.0,0.18333333333333335,0.886
3.0,0.12142857142857144,0.7366
3.0,0.2833333333333333,0.5267
5.0,0.2083333333333333,0.8353
3.0,0.0,0.0
3.0,-0.1994047619047619,0.4215
3.0,-0.3125,0.0
5.0,0.2,0.7783
4.0,0.1,0.0
5.0,0.04464285714285714,0.5859
2.0,0.875,0.4102
2.0,0.15,-0.4767
5.0,0.35,0.0
3.0,0.023809523809523808,-0.318
3.0,0.0,0.0
3.0,0.0,0.0
3.0,0.05,0.6808
2.0,0.19999999999999998,0.0258
3.0,-0.019345238095238096,0.85
4.0,0.01420454545454545,0.2905
4.0,0.4166666666666666,0.9062
2.0,0.0,0.7845
2.0,0.0,0.0387
4.0,0.4375,0.9638
3.0,0.0,0.0
3.0,0.0,0.0
5.0,0.0,0.0
3.0,0.0,0.0
3.0,0.0,0.0
5.0,0.05,-0.5562
3.0,-0.07886904761904762,0.2721
3.0,0.39261363636363633,0.9387
5.0,0.575,0.9531
2.0,0.15833333333333333,0.3449
3.0,-0.24166666666666667,0.8201
3.0,-0.0625,-0.0204
2.0,0.09259259259259262,0.8778
2.0,0.12407407407407407,0.4767
3.0,0.0062500000000000056,0.0
4.0,0.2,0.5106
4.0,-0.05138888888888888,-0.5809
5.0,0.45357142857142857,0.5527
1.0,0.0,-0.4199
4.0,0.5333333333333333,0.8834
2.0,0.07125000000000001,0.34
2.0,-0.02777777777777778,0.1648
4.0,0.45,0.9909
4.0,0.0,0.8402
4.0,0.4625,0.8122
2.0,0.09090909090909093,0.8428
4.0,0.3666666666666667,0.4215
4.0,0.09166666666666667,-0.0772
2.0,0.009523809523809521,0.5118
3.0,0.3666666666666667,0.7918
4.0,0.25,0.5945
5.0,0.078125,0.9565
3.0,0.25,0.8956
5.0,0.875,0.6239
5.0,0.20383597883597881,-0.341
4.0,-0.2,-0.6249
4.0,0.43333333333333335,0.8169
5.0,0.325,0.5954
5.0,0.5,0.0
2.0,0.23333333333333334,0.9226
5.0,0.365,0.9542
5.0,0.13636363636363635,-0.25
4.0,-0.08333333333333333,0.0124
4.0,0.2583333333333333,0.154
1.0,0.21212121212121213,0.3818
3.0,0.8,0.5095
5.0,0.0,0.6597
5.0,0.08333333333333333,0.0
4.0,0.20092592592592592,0.9365
2.0,-0.004999999999999999,0.836
2.0,0.0,0.0
4.0,0.4089285714285714,0.891
2.0,0.3,0.2023
2.0,0.195,0.7481
3.0,0.1,0.0
2.0,0.10166666666666668,0.3217
1.0,0.003124999999999989,0.4019
5.0,0.142948717948718,0.8608
2.0,0.06666666666666664,0.0141
2.0,0.07833333333333332,0.9552
5.0,0.2416666666666667,0.4215
4.0,0.10124999999999999,0.6249
4.0,0.5353571428571428,0.9153
2.0,0.039540816326530615,0.5423
4.0,0.2039115646258503,0.945
1.0,0.0619047619047619,0.1531
2.0,-0.18,0.7184
1.0,0.0,0.3612
1.0,-0.3333333333333333,-0.1779
1.0,0.0,0.0
3.0,0.19318181818181818,0.7269
5.0,0.1,0.0
1.0,-0.2142857142857143,0.296
4.0,-0.10000000000000002,0.6271
3.0,0.0,0.0
3.0,0.0,0.0
5.0,0.18333333333333335,0.6908
1.0,0.0,0.8398
4.0,0.0,-0.5719
1.0,0.18499999999999997,0.25
3.0,0.09375,0.0
1.0,0.35,0.5719
5.0,0.0,0.0
5.0,0.5,0.6124
3.0,0.2,0.6082
4.0,0.23645833333333335,0.5801
4.0,0.0,0.6124
1.0,0.0,0.0
2.0,0.75,0.0772
2.0,-0.0642857142857143,0.0516
3.0,-0.09999999999999999,0.3415
4.0,0.35833333333333334,0.5267
2.0,-0.18666666666666668,0.8047
2.0,-0.075,-0.3557
3.0,0.0,-0.0258
3.0,0.10625,0.392
2.0,0.17142857142857143,0.5574
3.0,0.75,0.3182
3.0,0.0,0.0
3.0,0.0,0.0
5.0,0.0,-0.7269
1.0,0.2,0.4939
1.0,0.0,0.0
1.0,-0.5,-0.0772
3.0,-0.3,-0.4215
3.0,0.0,-0.3612
2.0,0.4,0.5986
3.0,0.49583333333333335,0.9664
4.0,0.0,0.0
2.0,0.0,-0.25
1.0,-0.50625,-0.7133
1.0,0.0,0.0
5.0,0.0625,0.6115
2.0,0.09999999999999999,0.8696
5.0,0.1595238095238095,0.974
5.0,0.39375,0.8834
1.0,0.8,0.7901
4.0,0.0,0.2732
5.0,0.25,0.0
1.0,0.0,0.0
5.0,-0.00833333333333334,0.8338
1.0,0.0,0.0
4.0,0.625,0.5974
5.0,0.0,0.0772
3.0,-0.033333333333333326,0.0
1.0,-0.2,-0.34
2.0,0.24955357142857143,0.8922
3.0,0.2,0.6705
1.0,0.0,-0.1695
1.0,0.05,0.0
5.0,0.44131701631701636,0.934
5.0,0.0,0.0
1.0,0.16666666666666666,-0.4767
1.0,0.0,0.0
3.0,-0.25,-0.7227
3.0,0.5,0.8316
3.0,0.33999999999999997,0.9136
4.0,-0.2,0.4767
2.0,-0.35,-0.3883
2.0,-0.2333333333333333,-0.5704
3.0,0.0,-0.5267
3.0,-0.525,-0.6632
4.0,0.7,0.6486
4.0,0.0,0.923
5.0,0.2333333333333333,0.8885
5.0,0.5,-0.1531
3.0,-0.34375,-0.4256
5.0,0.0,0.5417
3.0,0.8,0.0772
5.0,-0.0625,0.7901
2.0,0.0,0.3612
5.0,0.0,0.0
3.0,0.0,0.6369
3.0,0.16666666666666666,0.1095
3.0,0.14444444444444446,0.0
4.0,0.16666666666666666,0.0
3.0,0.16666666666666666,0.5106
2.0,-0.15,-0.0258
3.0,0.0,0.0
1.0,0.37777777777777777,0.8811
3.0,0.0,0.0
1.0,0.0,0.0
4.0,-0.0666666666666667,0.0
2.0,-0.5,-0.3007
1.0,-0.31666666666666665,-0.7506
2.0,-0.007500000000000004,-0.869
2.0,0.0,0.0
2.0,-0.026785714285714284,0.6478
3.0,-0.2601851851851852,-0.6114
5.0,0.041666666666666664,0.2942
3.0,-0.06666666666666667,0.4404
2.0,-0.3,0.0
3.0,0.06770833333333334,0.9051
2.0,-0.07083333333333333,0.6486
1.0,-0.13333333333333333,0.0
5.0,0.0,0.6369
2.0,0.1395743145743146,0.9229
4.0,0.11874999999999998,0.834
1.0,-0.10694444444444445,0.4939
3.0,-0.1875,-0.6378
2.0,0.04,0.8074
3.0,0.0,0.0
5.0,0.0,0.0
4.0,0.0,0.4767
5.0,0.5,0.4576
3.0,0.0,0.2003
5.0,0.425,0.8814
5.0,-0.2,0.0
3.0,0.2222222222222222,0.8254
4.0,0.19722222222222224,0.91
2.0,-0.14444444444444446,-0.6059
2.0,0.06770833333333331,-0.1167
1.0,0.2943452380952381,0.4854
2.0,-0.15,-0.7715
4.0,-0.11111111111111105,-0.5423
3.0,0.0625,0.0
3.0,0.04910714285714285,0.0
5.0,0.0,0.0
1.0,0.0,0.0
3.0,0.0,0.0
3.0,0.0,0.0
2.0,-0.0625,0.5423
5.0,0.0,0.6478
4.0,0.0,0.296
2.0,-0.8,0.2263
4.0,-0.2,0.0
3.0,-0.0625,0.3612
5.0,0.25,0.25
1.0,-0.2,0.296
5.0,0.75,0.1779
5.0,0.1,0.817
3.0,0.0,0.0
5.0,0.0,0.0
4.0,-0.056249999999999994,0.4404
4.0,0.6,0.2263
5.0,-0.09375,-0.25
5.0,0.7555555555555555,0.9045
3.0,0.0,0.0
3.0,0.0,0.0
1.0,0.05,0.4588
5.0,-1.0,-0.4404
4.0,0.033333333333333326,0.3182
3.0,0.0,0.0
3.0,0.0,0.0
5.0,0.7,0.5859
4.0,0.09999999999999999,0.3182
1.0,0.0,0.4003
2.0,0.0,0.636
2.0,0.0,-0.7096
1.0,0.3333333333333333,0.3612
1.0,-0.2,0.2003
1.0,0.0,0.0
1.0,-0.10535714285714286,0.7717
4.0,0.5,0.9531
1.0,0.03125,0.5673
3.0,0.0,0.0
4.0,0.25,0.0
4.0,1.0,0.6652
3.0,-0.1875,0.3862
4.0,0.24729166666666666,0.8681
2.0,-0.39,-0.0258
4.0,0.2,0.0
3.0,0.0,0.0
2.0,-0.2,-0.8923
1.0,0.16666666666666666,0.4588
3.0,0.3,-0.1734
1.0,-0.18,0.6339
1.0,-0.5249999999999999,-0.3089
4.0,0.4,0.0
5.0,0.0,0.0
3.0,-0.04999999999999999,0.2263
1.0,0.0,0.3612
2.0,-0.0625,-0.5216
2.0,0.0,-0.34
1.0,0.175,0.7351
3.0,-0.033333333333333326,0.3612
5.0,0.2333333333333333,0.6705
4.0,0.036111111111111094,0.8271
1.0,-0.05744047619047619,0.0644
2.0,-0.11845238095238093,-0.6442
3.0,0.0,-0.296
5.0,0.4666666666666666,0.1531
4.0,-0.25,0.2144
3.0,-0.5,0.8807
4.0,0.140625,0.8741
4.0,0.1,0.2263
2.0,0.0,-0.6486
4.0,0.25,0.9169
3.0,0.39166666666666666,0.855
3.0,0.3375,0.4767
4.0,0.225,0.836
5.0,0.25999999999999995,0.9621
2.0,0.16538461538461538,0.8779
3.0,0.06666666666666668,0.9413
2.0,0.06911764705882353,-0.8642
1.0,0.13333333333333333,0.7906
4.0,0.0,0.0
4.0,0.35,0.8442
4.0,0.22999999999999998,-0.7068
3.0,0.12083333333333335,0.7601
3.0,0.0,0.0
4.0,0.0,0.6174
3.0,-0.15555555555555556,0.5023
4.0,0.1898989898989899,0.2263
3.0,0.3,0.0
3.0,0.0,0.6124
4.0,0.725,0.7003
5.0,0.1488888888888889,0.6908
2.0,0.00833333333333333,-0.2263
4.0,0.1088888888888889,0.886
3.0,0.05,0.0
4.0,-0.1875,0.5423
2.0,-0.07777777777777778,-0.6124
2.0,0.1,0.6486
3.0,0.06666666666666667,0.7964
4.0,0.4166666666666667,0.2023
3.0,0.21250000000000002,0.7471
5.0,0.057407407407407414,0.8696
3.0,0.21750000000000003,0.9448
5.0,-0.03333333333333333,0.34
4.0,-0.012499999999999997,0.9565
1.0,0.0,0.0
4.0,-0.05,0.8225
3.0,0.0888888888888889,0.8777
2.0,-0.16046296296296292,-0.8271
1.0,0.004166666666666652,0.4939
2.0,0.22500000000000003,-0.2846
3.0,0.012499999999999997,-0.7469
1.0,0.0,0.0
1.0,-0.08333333333333333,0.0
4.0,-0.006696428571428575,-0.2263
1.0,-0.0875,0.0
2.0,0.15681818181818183,0.5023
2.0,0.21632653061224488,0.6705
2.0,0.044824561403508774,-0.4926
4.0,0.4,0.6494
3.0,0.16770833333333335,0.9673
2.0,-0.0015624999999999944,-0.7096
2.0,0.1125,0.6486
1.0,0.13333333333333333,0.6908
2.0,0.0,-0.6124
1.0,0.0,-0.5106
3.0,0.32499999999999996,0.5994
3.0,0.15,0.8999
4.0,0.2886243386243386,0.8402
5.0,0.45499999999999996,0.9679
3.0,0.03333333333333335,-0.3327
1.0,0.0,0.0
1.0,0.0,0.0
1.0,0.0,0.0
3.0,0.10714285714285714,-0.1063
1.0,0.0,0.0
1.0,0.125,0.0
1.0,-0.16666666666666666,-0.3818
3.0,0.5,0.128
4.0,0.1,0.4939
2.0,0.03333333333333335,-0.3612
5.0,0.3357142857142857,0.9675
1.0,0.0,0.0
3.0,-0.125,-0.9186
3.0,-0.16,-0.7876
2.0,-0.5,-0.4497
2.0,0.0,-0.5423
2.0,-0.26666666666666666,0.743
4.0,0.1375,0.8442
2.0,0.2518939393939394,0.9313
2.0,-0.024999999999999994,0.8316
5.0,0.14545454545454545,0.836
4.0,0.06999999999999999,0.2263
5.0,0.0,0.0
2.0,-0.13541666666666666,-0.9696
1.0,-0.08003968253968255,-0.8565
1.0,-1.0,-0.5719
2.0,-0.006060606060606049,0.6759
1.0,0.4,-0.4215
1.0,-0.11041666666666666,-0.7351
3.0,0.0,0.0
2.0,0.0,-0.631
1.0,0.0,0.0
4.0,0.0,0.0
2.0,0.0,0.0
5.0,0.35,0.2732
3.0,0.06481481481481481,-0.3089
2.0,0.3,0.4497
2.0,0.05833333333333335,0.0214
4.0,0.5249999999999999,0.4404
2.0,-0.09687499999999999,-0.3919
2.0,0.0,0.296
3.0,-0.033333333333333326,0.5859
1.0,-0.057142857142857134,0.9123
2.0,0.0630952380952381,-0.7074
5.0,-0.06458333333333333,0.4939
2.0,-0.059999999999999984,0.3291
3.0,0.09671717171717172,0.9274
4.0,0.0875,0.7783
1.0,0.15625,-0.4404
2.0,-0.22916666666666666,-0.1032
1.0,0.03888888888888889,0.7527
2.0,-0.09375,-0.2058
2.0,-0.17500000000000002,-0.4588
2.0,0.0,-0.4215
2.0,0.1,-0.6187
2.0,0.3020833333333333,0.5799
3.0,-0.08333333333333333,-0.6753
2.0,-0.06666666666666667,-0.7212
3.0,-0.4749999999999999,-0.1531
2.0,-0.35,-0.4215
1.0,0.0861111111111111,-0.7906
1.0,-0.6,0.4404
3.0,0.22999999999999998,-0.2098
2.0,0.0,0.0
2.0,-0.1,-0.2263
1.0,0.0,-0.802
3.0,0.15000000000000002,-0.296
2.0,0.0,-0.7952
2.0,-0.019999999999999997,0.6114
3.0,0.0,0.1027
1.0,0.0,0.0
1.0,0.0,0.0
4.0,0.0,0.4939
3.0,0.2,-0.3612
3.0,-0.09999999999999999,-0.6908
1.0,0.0,0.0
1.0,0.0,0.0
4.0,-0.003968253968253977,0.0
2.0,-0.21428571428571427,0.0
2.0,0.25285714285714284,0.7322
2.0,0.09999999999999999,-0.1779
3.0,0.0,0.4588
2.0,0.1994047619047619,0.5916
1.0,0.2,0.0
4.0,0.115625,0.1027
3.0,0.0,0.6948
2.0,0.0,-0.296
2.0,-0.1,0.0258
3.0,-0.125,0.3612
3.0,-0.053571428571428575,0.3724
5.0,0.2,-0.1901
1.0,0.0,-0.0516
3.0,0.0,-0.4404
4.0,-0.1,-0.4939
3.0,0.012499999999999983,0.224
1.0,0.04333333333333333,0.0516
2.0,0.0,-0.5267
5.0,0.0,-0.4767
3.0,0.3,-0.2023
3.0,-0.2,0.0
3.0,0.0,0.0
3.0,-0.2159090909090909,-0.7579
1.0,0.0,0.5859
5.0,0.55,0.6771
4.0,0.0,0.34
2.0,0.0,0.6597
5.0,-0.029999999999999992,0.743
1.0,0.185,0.8917
2.0,0.13,-0.8957
3.0,0.0,0.0
5.0,0.0,0.0
5.0,0.3,0.6808
4.0,-0.4,0.296
1.0,-0.078125,-0.4389
5.0,0.0,0.101
2.0,0.10208333333333333,-0.5844
4.0,0.5,0.5106
1.0,-0.19999999999999998,0.0
1.0,0.24204545454545454,0.68
3.0,0.0,0.0
5.0,0.25,0.4926
1.0,-0.3,0.2382
3.0,0.0,0.0
4.0,-0.09999999999999999,-0.5267
1.0,-0.04999999999999993,-0.5423
2.0,-0.2625,0.5574
2.0,0.375,0.9793
1.0,0.0,-0.296
5.0,0.0625,0.4724
1.0,-0.025000000000000022,0.3612
2.0,0.0,0.2001
1.0,-0.10331632653061225,0.9328
3.0,0.15,0.5574
1.0,-0.8,-0.8802
1.0,0.3,0.5574
1.0,-0.175,-0.5719
1.0,-0.028571428571428532,0.9153
1.0,0.07142857142857142,0.5983
5.0,0.6,0.4588
3.0,-0.06666666666666667,-0.5719
3.0,-0.15555555555555556,-0.6597
1.0,-0.20000000000000004,0.8856
3.0,0.0,0.0
3.0,0.0,0.0
5.0,-0.2225,0.4912
2.0,0.10000000000000002,0.0
2.0,-0.209375,-0.7184
5.0,0.11666666666666667,-0.3818
5.0,0.19444444444444445,-0.3858
5.0,0.4,0.0
5.0,0.27380952380952384,-0.2821
3.0,0.30000000000000004,0.8047
1.0,0.15166666666666667,0.7891
2.0,0.06346153846153846,0.8716
2.0,-0.15357142857142853,-0.7903
3.0,-0.24444444444444444,-0.0516
4.0,0.0,0.4939
3.0,0.0,0.0
3.0,0.0,0.0
1.0,-0.10952380952380951,0.501
2.0,-0.25,-0.296
4.0,0.0,-0.3612
2.0,0.28125,-0.4215
4.0,0.35,0.4144
2.0,0.022222222222222213,-0.3506
4.0,0.0,0.6369
2.0,0.2333333333333333,0.296
5.0,0.0,0.5719
5.0,0.075,0.7227
1.0,-0.05138888888888889,-0.5719
3.0,0.37083333333333335,0.3528
2.0,-0.11805555555555554,0.2205
2.0,0.09375,0.359
3.0,0.0,-0.34
2.0,0.2285714285714286,0.931
3.0,0.12976190476190477,0.6808
5.0,0.13809523809523808,-0.1027
3.0,0.22604166666666667,-0.7134
3.0,-0.025,0.2315
2.0,0.09166666666666672,-0.4767
3.0,0.2777777777777778,0.6115
4.0,0.0,0.128
5.0,0.021590909090909088,0.5267
4.0,1.0,0.0
4.0,-0.1875,-0.7184
2.0,0.20833333333333334,0.2023
3.0,0.25,0.4588
1.0,-0.25,-0.25
1.0,0.033333333333333326,-0.5106
3.0,0.0,0.5499
3.0,0.0,0.0
2.0,0.1076923076923077,0.972
3.0,0.0,0.0
5.0,0.39285714285714285,0.3612
2.0,0.0,0.0
1.0,0.02,0.4019
3.0,-0.1,-0.0749
2.0,0.21428571428571427,0.34
3.0,0.05,0.5531
3.0,0.5,0.4019
1.0,-0.24999999999999992,-0.513
5.0,0.03690476190476192,0.8471
1.0,0.640625,0.717
4.0,0.09074074074074075,0.8481
2.0,-0.15555555555555556,0.0
5.0,0.3104938271604938,0.9605
5.0,0.0,-0.1027
5.0,0.0,0.0
3.0,0.07222222222222222,0.1585
4.0,0.050868055555555555,-0.7828
2.0,0.0,0.0
1.0,0.3,0.0
5.0,0.28080357142857143,0.7269
3.0,0.5,0.6095
4.0,0.2,0.3182
4.0,0.0,0.0
4.0,0.0,-0.2023
3.0,-0.1,-0.4857
1.0,0.0,0.4574
4.0,0.2,-0.4228
2.0,0.0,0.0
2.0,0.0,0.0
1.0,-0.05,0.1139
1.0,0.1,-0.296
2.0,-0.07500000000000001,-0.25
2.0,0.0,0.0258
5.0,0.3,0.4927
5.0,-0.07999999999999999,-0.0516
5.0,0.8,0.4215
3.0,0.1375,0.7283
2.0,0.5,0.0
1.0,-0.5,-0.8126
5.0,-0.06666666666666667,0.636
2.0,0.13999999999999996,-0.8575
3.0,-0.11000000000000001,0.2382
3.0,0.0,0.0
4.0,0.00416666666666667,0.3182
1.0,-0.010000000000000004,0.4939
2.0,0.0,0.6798
1.0,-0.20000000000000004,-0.2263
4.0,0.4,-0.7184
3.0,0.0,0.0
3.0,0.0,-0.296
2.0,0.0,0.5267
4.0,-0.10000000000000002,-0.7992
3.0,0.0,0.5905
2.0,-0.23750000000000002,0.5577
5.0,0.13749999999999998,-0.0475
3.0,0.03194444444444444,0.9057
4.0,0.11666666666666665,0.5255
5.0,0.0,0.0
4.0,0.1625,0.1748
1.0,0.2333333333333333,0.6864
2.0,0.24285714285714288,0.8126
3.0,0.0031250000000000028,0.0387
5.0,-0.05555555555555555,0.2244
1.0,0.15,0.3612
5.0,0.08333333333333333,0.765
2.0,0.03972094214029697,0.9438
3.0,0.23775510204081637,0.8934
2.0,-0.006250000000000001,0.2767
2.0,-0.04999999999999999,-0.3182
2.0,-0.125,-0.9505
4.0,0.175,0.9595
3.0,-0.08333333333333333,-0.9493
1.0,0.0,0.0
3.0,0.0,-0.6486
5.0,-0.125,0.4404
2.0,0.2333333333333333,0.735
3.0,0.5,0.6908
4.0,0.103125,0.2023
3.0,0.16666666666666666,0.5095
1.0,0.0,0.1779
5.0,0.15000000000000002,0.5972
3.0,0.1,0.2617
1.0,0.275,0.8353
3.0,0.39999999999999997,0.9446
2.0,0.0,0.25
1.0,-0.15000000000000002,0.4203
2.0,0.10793650793650794,-0.126
3.0,0.11212121212121212,0.0
1.0,0.203125,-0.327
1.0,0.05875,0.3158
2.0,0.15,-0.784
2.0,0.1208333333333333,0.643
5.0,0.11499999999999999,0.658
1.0,-0.18411111111111114,0.9287
3.0,0.1361111111111111,0.7357
4.0,0.2533333333333333,0.9477
5.0,0.3433333333333334,0.9826
2.0,-0.06190476190476191,-0.6977
1.0,0.11249999999999999,-0.4812
1.0,0.2828571428571428,0.8468
2.0,0.05909090909090909,0.4289
2.0,-0.03125,0.4215
3.0,0.4,0.6249
2.0,0.5,0.8162
5.0,0.25000000000000006,0.9201
5.0,0.39333333333333337,0.971
5.0,0.08589826839826839,0.2732
3.0,-0.008333333333333331,0.4404
5.0,0.16666666666666666,0.6705
5.0,0.475,0.802
1.0,0.07499999999999998,-0.2732
4.0,0.3,0.8591
5.0,-0.11714285714285717,-0.6249
2.0,0.5,-0.6866
3.0,0.11499999999999999,0.6486
3.0,0.10803418803418803,-0.2551
2.0,0.2,-0.2263
2.0,0.0,-0.7506
2.0,0.0590909090909091,-0.2263
2.0,-0.15,0.34
2.0,0.0,0.0
4.0,0.3333333333333333,0.8555
2.0,-0.03972537878787878,-0.4497
2.0,-0.09226190476190475,0.9186
5.0,0.09166666666666667,-0.296
2.0,0.05916666666666668,0.7711
2.0,0.06666666666666668,0.0
2.0,0.05015948963317384,0.848
1.0,0.014880952380952387,0.8446
2.0,0.12285714285714286,0.5657
2.0,0.09722222222222221,0.8625
4.0,-0.05,-0.5719
2.0,-0.1,0.4215
2.0,0.0,0.0
3.0,-0.00444444444444444,0.3818
5.0,0.2285714285714286,0.8316
2.0,0.22142857142857142,0.7351
2.0,0.5047619047619047,0.7845
3.0,0.16666666666666666,0.0
4.0,0.26666666666666666,0.7902
3.0,0.037202380952380966,0.9464
2.0,0.8,0.4404
2.0,-0.7,-0.7184
1.0,0.3,-0.7959
4.0,0.27,-0.4404
1.0,0.026666666666666672,0.8332
4.0,0.2903508771929825,0.9905
3.0,0.03996212121212121,0.6808
5.0,0.225,0.8074
4.0,0.54,0.9301
4.0,0.2651455026455027,0.7096
4.0,0.04924242424242425,0.987
3.0,0.2380952380952381,0.7469
4.0,0.3055555555555556,0.9186
5.0,0.14794973544973541,-0.233
2.0,0.0016666666666666774,0.9044
3.0,0.17500000000000002,0.5267
2.0,0.0,0.0
2.0,0.22000000000000003,-0.8465
5.0,0.21875,0.886
2.0,0.0,0.0772
4.0,-0.053125,0.25
5.0,0.47000000000000003,0.9098
2.0,-0.09375,-0.4588
4.0,0.025,0.875
4.0,0.0,0.3612
5.0,0.6,0.7717
3.0,0.0,0.0
5.0,0.4,0.4404
2.0,0.0,-0.2263
5.0,-0.05,0.5413
5.0,0.5,0.7964
2.0,-0.125,-0.4588
3.0,-0.15555555555555556,-0.4404
2.0,0.18928571428571428,0.802
4.0,0.25,0.0
1.0,-0.1,0.296
2.0,-0.03125,-0.8919
3.0,0.06818181818181818,0.0
2.0,0.2791666666666666,0.8853
3.0,0.05000000000000001,0.0
3.0,0.125,0.9186
2.0,0.10737179487179487,0.9412
3.0,0.14375,0.4215
2.0,0.1791666666666667,0.8344
2.0,0.06666666666666667,0.6597
2.0,0.1375,0.4019
5.0,0.125,0.7964
3.0,0.3,0.3252
5.0,-0.041666666666666664,0.4218
3.0,0.21989795918367344,0.68
5.0,0.9,0.9466
5.0,0.16666666666666669,0.8558
4.0,0.10833333333333332,0.5848
3.0,0.3111111111111111,0.34
2.0,-0.012500000000000004,0.7506
3.0,0.033333333333333326,0.1012
4.0,-0.3,0.0129
4.0,0.8,0.6115
3.0,0.0,0.6041
3.0,0.07500000000000001,0.7911
3.0,0.29374999999999996,0.491
3.0,-0.3125,0.3818
3.0,0.0,0.0
3.0,0.0,0.0
1.0,0.2,0.2263
1.0,0.375,0.4404
1.0,0.0,0.0
5.0,0.303125,0.7447
3.0,-0.16666666666666666,-0.4497
3.0,0.0,0.0
1.0,0.0,0.0
1.0,0.0,0.0
1.0,-0.05,-0.2023
3.0,-0.3499999999999999,-0.6956
1.0,0.0,0.0
1.0,0.0,0.0
5.0,0.41666666666666663,0.4199
5.0,0.0,0.0
5.0,0.6,0.6597
5.0,0.0,0.4404
4.0,0.0,0.3818
2.0,-0.09226190476190477,0.9042
2.0,0.1125,0.7183
2.0,0.2,0.5423
3.0,-0.061111111111111116,0.128
2.0,0.1625,0.9207
5.0,0.3458333333333333,0.8326
1.0,-0.09999999999999998,-0.8613
2.0,0.2,-0.6705
3.0,0.47878787878787876,-0.799
4.0,0.21212121212121213,0.4404
5.0,0.0,-0.3818
3.0,0.0,0.0
2.0,0.0,-0.4767
3.0,0.0,0.0
5.0,0.0,-0.596
2.0,0.025000000000000005,0.25
2.0,-0.047619047619047616,0.6249
2.0,0.2125,0.69
4.0,0.0,0.4939
5.0,0.0,-0.4482
5.0,0.15000000000000002,0.0
3.0,0.06999999999999999,0.7391
5.0,0.4375,0.8398
5.0,0.28125,-0.0923
2.0,0.6,-0.0516
5.0,0.2260416666666667,0.9616
3.0,0.15,0.4215
3.0,0.0,0.4215
5.0,0.5,0.7196
5.0,0.35420634920634914,0.9312
4.0,0.06269841269841271,0.9786
2.0,0.3071428571428571,0.9324
3.0,0.15625,0.6705
3.0,0.16666666666666666,0.7845
2.0,0.6,0.0444
2.0,0.0,0.4215
3.0,0.7,0.4404
5.0,0.2,0.5118
4.0,0.6857142857142857,0.9646
3.0,0.0,0.3612
5.0,0.0,0.0
3.0,0.0,0.0
5.0,0.0,-0.2732
2.0,0.09805194805194806,-0.8147
4.0,0.046666666666666655,-0.8573
3.0,0.39999999999999997,0.059
5.0,-0.08333333333333333,0.2732
5.0,-0.025,0.7926
3.0,0.0,-0.1531
4.0,0.0,0.4215
3.0,-0.3241666666666666,0.0012
5.0,0.5,0.7096
5.0,1.0,0.9161
5.0,1.0,0.5719
3.0,0.4333333333333333,0.6808
3.0,0.0,0.0
4.0,0.10625000000000001,0.3182
3.0,0.0,0.3182
3.0,0.0,0.0
3.0,0.0,0.0
3.0,0.2,0.0
3.0,0.0,0.3612
5.0,0.0,0.6597
2.0,0.3833333333333333,0.2846
4.0,0.27499999999999997,0.9313
3.0,0.29545454545454547,0.6798
2.0,0.17916666666666667,0.9062
5.0,0.26031746031746034,0.1045
3.0,0.25,-0.7677
4.0,0.6666666666666667,0.8807
1.0,-0.00833333333333334,-0.9231
1.0,-0.09795918367346937,0.1779
2.0,0.2,0.4939
2.0,-0.006249999999999996,0.7579
3.0,0.19166666666666665,-0.4767
5.0,0.2873214285714286,0.8561
2.0,0.22057291666666665,0.9886
5.0,0.15833333333333333,0.8402
2.0,0.08685064935064936,-0.6666
1.0,0.0,-0.128
2.0,0.03333333333333333,0.6808
2.0,-0.075,-0.5719
2.0,0.1778409090909091,-0.8763
2.0,0.1212962962962963,0.091
2.0,-0.012202380952380945,0.9845
5.0,0.004166666666666674,-0.2444
3.0,0.07500000000000002,0.8042
2.0,-0.040816326530612256,0.7717
3.0,0.13666666666666666,0.9531
4.0,0.02559523809523809,-0.9134
4.0,0.08371212121212122,0.5972
2.0,0.24,-0.0516
3.0,0.05,0.0
2.0,0.08,-0.7668
2.0,0.06999999999999999,0.6946
2.0,-0.125,-0.4939
2.0,-0.021875,0.5423
2.0,-0.022727272727272728,0.4497
4.0,-0.1,-0.296
5.0,0.09545454545454544,0.3917
2.0,0.0,0.25
3.0,0.04375,0.6908
2.0,0.14880952380952378,0.5577
2.0,-0.008750000000000008,0.8271
4.0,0.024999999999999994,0.8074
5.0,0.195,0.9035
5.0,-0.028030303030303037,0.6557
3.0,-0.5,0.7351
2.0,0.08000000000000003,0.4779
1.0,-0.25,0.0
3.0,0.07764378478664193,0.6815
3.0,0.6666666666666666,0.6652
5.0,0.0,0.0
3.0,0.06666666666666667,-0.5448
1.0,-0.2,-0.6486
2.0,-0.016666666666666677,0.8519
4.0,0.1,0.8176
2.0,0.0,0.0
5.0,0.1791666666666667,0.9582
2.0,-0.5,-0.2513
3.0,0.0,0.0
1.0,0.0,0.0
4.0,-0.1392857142857143,0.501
5.0,0.2895833333333333,0.9323
2.0,0.1375,0.7609
3.0,0.3090909090909091,0.8622
4.0,0.0,0.3384
3.0,0.0,0.0
3.0,0.0,0.0
3.0,0.0,0.0
4.0,0.4,0.8008
2.0,-0.3,-0.3252
5.0,0.0,-0.0258
4.0,0.26666666666666666,0.8316
5.0,0.030346320346320343,0.9186
3.0,0.0225,0.25
1.0,0.0,0.0
5.0,0.0,0.4939
1.0,0.8333333333333334,0.7926
4.0,-0.033333333333333326,-0.3182
2.0,-0.1958333333333333,-0.68
5.0,0.0,0.0
3.0,0.425,0.4215
3.0,0.0,-0.0772
2.0,-0.11458333333333331,0.4588
4.0,0.3333333333333333,-0.296
2.0,0.01419753086419753,0.7845
5.0,0.08333333333333333,0.7311
4.0,0.16190476190476188,0.0754
1.0,0.16214285714285714,0.8439
5.0,0.2,0.7346
4.0,0.1,0.2263
5.0,0.16666666666666666,0.8439
5.0,0.15,0.9481
3.0,-0.3,-0.7775
2.0,0.0,-0.296
2.0,0.3,0.6192
3.0,0.12083333333333335,0.1779
3.0,0.02500000000000001,0.0
3.0,-0.16666666666666666,0.0
2.0,-0.096875,0.0
4.0,0.5916666666666667,0.4389
3.0,0.0,0.4019
5.0,0.0,0.0
5.0,0.0,0.0
4.0,0.4416666666666667,0.6808
3.0,0.1,0.8018
2.0,-0.12187500000000001,-0.3595
3.0,-0.04583333333333333,0.0
1.0,0.05000000000000002,0.3612
4.0,0.012299679487179499,0.8507
1.0,0.0,0.0
5.0,0.0,0.0
2.0,0.0,-0.3089
1.0,0.0,-0.296
5.0,0.13749999999999998,0.0
1.0,0.0,0.0
5.0,-0.10277777777777777,0.25
4.0,0.0,0.0
3.0,-0.19166666666666665,-0.4123
3.0,-0.08333333333333336,0.2263
3.0,0.09027777777777779,0.68
3.0,0.0,0.0
3.0,0.16666666666666666,0.0772
3.0,0.85,0.8625
3.0,0.0,0.0
3.0,0.0,0.0
1.0,-1.0,-0.3164
3.0,0.0,0.0
3.0,-0.2125,-0.4753
5.0,0.0,0.0
1.0,0.32499999999999996,0.204
4.0,0.19166666666666668,0.7655
5.0,0.24,0.7506
1.0,0.0,0.0
5.0,0.43333333333333335,0.4926
4.0,0.3571428571428571,0.3595
5.0,0.0,0.0
1.0,0.06666666666666667,0.959
1.0,0.1,0.0
5.0,0.0,0.0
3.0,-0.22499999999999998,-0.8762
5.0,0.5,0.5719
3.0,0.0,0.0
4.0,0.19166666666666665,0.9114
2.0,0.09053030303030303,0.9421
1.0,0.0,0.0
3.0,0.40625,0.68
4.0,0.2857142857142857,0.0
3.0,0.0,0.0
3.0,0.0,0.0
3.0,1.0,0.34
1.0,0.06666666666666667,0.5423
4.0,0.15555555555555556,0.7807
5.0,0.25625,0.7506
2.0,0.8,0.8334
5.0,0.6,0.5538
3.0,0.0,0.0
3.0,0.05,0.4748
3.0,0.0,0.6486
2.0,-0.29,-0.8473
3.0,-0.09375,0.0
2.0,0.5,-0.296
2.0,-0.06666666666666667,-0.5499
2.0,-0.03333333333333335,-0.5574
3.0,0.02500000000000001,-0.5423
2.0,-0.3,0.0258
3.0,-0.4,-0.9807
2.0,-1.0,-0.34
1.0,-0.25,0.5355
5.0,0.19999999999999998,0.1941
3.0,0.0,0.0
1.0,-0.15555555555555556,0.0
5.0,0.45,0.5859
4.0,-0.021851851851851862,-0.6736
3.0,0.4375,0.8727
3.0,0.0,0.0
2.0,-0.09375,0.0
3.0,0.0,0.0
3.0,0.0,0.0
1.0,-0.35,0.3147
3.0,-0.07500000000000001,0.2044
3.0,0.0,0.0
3.0,0.0,0.0
5.0,-0.15625,0.0
3.0,0.0,0.0
3.0,0.0,0.0
1.0,-0.15000000000000002,-0.4877
4.0,0.0,0.0
1.0,0.0,0.5574
4.0,0.5,0.5777
1.0,0.0,0.0
3.0,0.0,0.0
3.0,0.0,0.0
1.0,0.0,0.0
2.0,0.19999999999999998,0.121
2.0,-0.10000000000000002,-0.8842
5.0,0.0,0.3612
1.0,-0.048148148148148155,0.2042
3.0,0.02500000000000001,0.2617
5.0,0.03125,-0.34
4.0,0.4166666666666667,-0.2003
3.0,0.0,0.0
3.0,0.0,0.0
1.0,0.0,0.0
3.0,0.0,0.0
3.0,0.0,0.0
5.0,0.8,0.5719
4.0,0.3383333333333334,-0.0258
1.0,0.05000000000000002,0.4019
5.0,0.0,0.0
1.0,0.375,0.5106
3.0,0.35,0.4404
4.0,0.325,0.4391
5.0,0.625,0.5697
5.0,0.9,0.7717
4.0,0.20087412587412587,0.9531
3.0,0.30000000000000004,0.802
4.0,0.2416666666666667,0.7964
2.0,0.13636363636363635,0.0772
1.0,0.1346153846153846,-0.956
2.0,-0.35,0.7803
2.0,0.05142857142857144,0.5994
5.0,0.19508928571428572,0.8996
5.0,0.19125,0.9319
4.0,0.37878787878787873,0.8442
2.0,-0.1426470588235294,-0.948
2.0,-0.09375,0.7063
2.0,-0.4,0.3919
4.0,0.0,0.0
5.0,0.0,0.0
1.0,0.0,0.0
1.0,0.0,0.0
4.0,-0.009863945578231309,-0.6114
2.0,0.125,-0.6124
5.0,0.0,0.0
2.0,0.109375,0.4742
2.0,0.325,-0.3612
1.0,0.0,0.0258
2.0,0.21428571428571427,0.2732
4.0,0.06190476190476191,-0.8074
2.0,0.2201923076923077,0.8928
5.0,0.46666666666666673,0.7269
3.0,0.0,-0.4939
2.0,-0.0625,-0.0772
3.0,0.0,0.4939
3.0,0.35,0.1779
2.0,0.2388888888888889,0.2023
5.0,0.21562499999999998,0.7044
1.0,0.21250000000000002,-0.3818
5.0,0.0,0.0
5.0,0.0,0.4588
2.0,0.065,0.5262
3.0,0.030357142857142853,0.7196
1.0,0.07083333333333335,-0.0258
5.0,0.06666666666666667,0.872
1.0,0.0,0.5076
4.0,0.16666666666666666,0.8697
2.0,-0.09568452380952382,0.897
2.0,0.03333333333333333,0.9314
3.0,0.0,0.0
5.0,0.08198051948051947,0.804
4.0,0.39999999999999997,0.8316
5.0,0.10767857142857143,0.8807
2.0,0.0,-0.7003
3.0,-0.06666666666666667,-0.631
3.0,0.10714285714285714,0.5859
5.0,0.2142857142857143,0.4576
2.0,0.35,0.5994
5.0,0.0,0.8271
2.0,-0.15,-0.7512
3.0,0.2,0.2755
5.0,0.002777777777777775,0.296
5.0,-0.1875,0.0
5.0,0.17142857142857146,0.9526
1.0,-0.08888888888888886,0.7438
1.0,0.0,-0.2263
2.0,-0.025,0.0
3.0,0.25,0.3818
4.0,0.0,0.0
5.0,0.056249999999999994,0.6825
4.0,-0.024999999999999994,-0.296
5.0,-0.05,0.0
2.0,-0.1875,-0.0516
2.0,0.0,-0.4019
5.0,-0.21666666666666667,0.69
2.0,-0.1875,0.2732
3.0,0.0,0.0
2.0,0.11666666666666665,0.6956
2.0,0.0,0.3612
2.0,0.5,-0.6784
2.0,0.0,0.3612
5.0,0.15625,0.8074
2.0,0.42833333333333334,0.7579
2.0,0.0,-0.4215
1.0,0.003333333333333327,-0.6249
3.0,0.0625,-0.7335
5.0,0.625,0.5255
3.0,0.0,0.0
3.0,0.25,0.0
3.0,0.0,0.0
3.0,0.0,0.0
4.0,0.7,0.7063
2.0,0.12307692307692308,0.9124
3.0,0.5,0.9194
3.0,0.0,0.0
2.0,-0.25,0.0
3.0,0.0,0.4019
3.0,0.55,0.4215
2.0,-0.041666666666666664,0.8041
3.0,0.0,0.0
4.0,0.1,-0.4588
1.0,0.0,-0.34
5.0,0.159541847041847,0.9926
5.0,0.00454545454545455,0.9337
3.0,0.1,-0.5106
5.0,0.26666666666666666,0.8625
3.0,0.35,0.4173
2.0,0.25,-0.2987
2.0,-0.07500000000000001,0.3911
2.0,0.0,0.1625
5.0,-0.05892857142857143,-0.7351
2.0,0.05452380952380953,0.6808
5.0,-0.20249999999999999,0.5093
2.0,-0.20000000000000004,-0.7899
1.0,0.0,0.0
1.0,0.10357142857142856,0.4215
3.0,0.0,0.0
3.0,-0.1125,-0.0062
1.0,0.26666666666666666,-0.0258
4.0,0.35666666666666663,0.8338
4.0,0.18,0.2263
2.0,-0.055102040816326525,-0.2023
2.0,0.22083333333333335,0.4588
3.0,-0.4,-0.8625
3.0,-0.33125,-0.9136
1.0,-0.06666666666666665,-0.6249
2.0,-0.033333333333333326,0.5868
3.0,-0.3,0.466
1.0,0.0,-0.529
2.0,0.175,0.25
1.0,-0.15,-0.5688
3.0,0.0,-0.3291
5.0,0.6,0.8225
4.0,0.05000000000000001,0.8633
2.0,0.6,0.4215
3.0,0.0,0.2144
2.0,0.0,0.7678
5.0,0.0,0.3612
3.0,0.0,0.0
5.0,0.0,0.6369
3.0,0.0,0.78
2.0,0.0,0.0
3.0,0.2119047619047619,0.3716
3.0,0.0,0.0
2.0,0.125,-0.7351
1.0,0.0,-0.2263
1.0,0.0,0.5842
3.0,0.35,0.743
2.0,0.20666666666666664,0.8126
1.0,0.06874999999999999,0.7391
3.0,0.0,0.1779
1.0,0.1375,-0.343
1.0,0.0,0.0
2.0,0.1,0.3147
5.0,0.10714285714285714,-0.2023
3.0,0.0,0.0408
2.0,0.041666666666666664,0.0
3.0,0.1732142857142857,0.5859
4.0,0.0,0.0
2.0,0.08333333333333333,0.6369
3.0,0.0,0.0
2.0,0.03125,-0.7351
1.0,0.04791666666666666,0.9178
4.0,0.3,0.8886
3.0,0.5,0.3911
1.0,0.06888888888888889,0.0927
5.0,0.04583333333333332,-0.7594
1.0,0.0,-0.8225
2.0,0.4,0.2732
1.0,-1.0,-0.5371
4.0,0.0719155844155844,0.2942
1.0,0.0,0.3798
3.0,0.5,0.7086
1.0,0.0,0.0
1.0,0.0,-0.2755
1.0,0.0,-0.4939
3.0,0.0,0.0
3.0,0.0,0.0
3.0,-0.041666666666666664,0.8271
2.0,0.05,0.0
5.0,-0.20000000000000004,-0.6333
2.0,0.1,-0.8481
3.0,-0.0033333333333333327,0.7469
5.0,0.35,0.6808
5.0,-0.2,0.8225
3.0,0.0,0.6808
4.0,0.21428571428571427,0.9169
4.0,0.0,0.0
2.0,-0.15555555555555556,0.0
3.0,-0.7,-0.2874
5.0,0.25,0.6369
5.0,0.0,0.0
5.0,-0.1,0.0
5.0,0.0,0.0
1.0,0.35,0.4215
1.0,-0.3,-0.4137
3.0,-0.05,-0.631
2.0,0.0,0.0
3.0,-0.02500000000000005,0.4728
1.0,0.0,0.0
3.0,-0.5,-0.7096
3.0,0.5,0.5251
1.0,0.1,0.7184
1.0,-0.3,-0.3947
3.0,0.0,0.0
5.0,0.0,0.0258
5.0,-0.8,-0.3182
4.0,0.31666666666666665,0.8591
1.0,0.15,-0.2648
1.0,-0.11000000000000001,-0.4215
1.0,0.0,-0.802
1.0,-0.02824074074074075,-0.9684
2.0,0.016666666666666673,-0.485
3.0,0.16666666666666669,0.6486
1.0,-1.0,-0.5423
4.0,0.0,0.3818
3.0,0.3125,0.7537
2.0,0.055555555555555546,-0.6956
5.0,0.17537878787878788,0.6705
4.0,0.3222222222222222,0.4939
2.0,-0.1875,0.1027
2.0,0.18333333333333335,0.7469
4.0,0.125,0.25
2.0,0.016666666666666663,0.8885
3.0,0.0,0.0
1.0,0.041666666666666664,-0.9804
5.0,-1.0,-0.7003
3.0,0.25,-0.2194
5.0,0.0,0.0
1.0,0.0,-0.0516
3.0,0.024999999999999994,0.6808
3.0,0.05,-0.3825
2.0,0.5,0.0258
3.0,0.5,-0.34
5.0,0.3,0.6801
1.0,-1.0,-0.5256
4.0,0.35,0.775
5.0,0.7,0.8625
5.0,0.0,0.0
1.0,0.15,0.0
5.0,0.0,-0.6597
5.0,-0.05,0.0
1.0,0.0,0.0
1.0,0.22727272727272727,0.5267
1.0,0.1375,0.0
3.0,0.0,0.0
3.0,0.05,0.3612
1.0,0.0,0.0
4.0,0.16666666666666666,0.0
3.0,0.2333333333333333,0.0
5.0,0.0,0.0
5.0,0.5666666666666668,0.5719
3.0,0.0,0.0
5.0,-0.009999999999999986,0.5974
5.0,0.0,0.0
4.0,0.0,0.3384
3.0,0.2,0.8208
1.0,0.15,-0.9096
5.0,-0.002083333333333326,-0.7571
2.0,0.0,0.0
4.0,0.8,0.0567
4.0,-0.020833333333333332,0.0
3.0,0.0,0.0
3.0,0.0,0.0
3.0,0.1,-0.3595
5.0,-0.00714285714285715,0.8462
4.0,0.2185185185185185,-0.7579
4.0,0.25625,0.7239
2.0,0.228125,-0.2314
4.0,0.125,0.2732
1.0,0.0,-0.486
1.0,0.05892857142857143,-0.6444
2.0,0.12222222222222222,0.4588
2.0,0.24664772727272727,0.1802
1.0,-0.5,-0.5255
2.0,-0.08333333333333333,-0.34
2.0,0.55,0.6486
1.0,0.16666666666666669,0.7579
4.0,0.24999999999999997,0.3431
3.0,0.0,-0.7227
2.0,0.0,-0.5267
5.0,-0.1,-0.5118
5.0,-1.0,-0.4767
3.0,0.0,0.6124
2.0,-0.1503787878787879,-0.8674
2.0,-0.2875,-0.8481
5.0,0.2,0.0
2.0,-0.175,-0.8313
4.0,0.06666666666666667,0.4709
3.0,0.0625,-0.6486
2.0,0.0,-0.8765
3.0,0.24727272727272726,0.1695
3.0,0.24000000000000005,-0.4497
1.0,-0.19999999999999998,0.0772
4.0,0.12333333333333334,-0.7684
1.0,0.0,-0.4019
2.0,0.023809523809523808,0.4806
1.0,0.0,0.0
3.0,0.0,0.0
3.0,0.0,0.0
1.0,0.15,-0.1263
1.0,0.5,0.0
3.0,0.0,-0.431
4.0,0.21227272727272725,-0.2003
3.0,-0.125,-0.296
2.0,-0.1,-0.8625
5.0,0.0,0.1695
5.0,0.0,0.3612
1.0,0.0,-0.4939
3.0,0.0,0.0
5.0,-0.05,0.0
3.0,0.0,0.1531
2.0,-0.05,-0.0281
1.0,0.0,0.0
5.0,0.0,0.7839
1.0,0.25,-0.5994
5.0,0.60625,0.7701
3.0,-0.033333333333333326,0.3612
2.0,-0.014166666666666656,0.0516
5.0,0.14464285714285713,0.7089
3.0,0.0,0.0
3.0,0.0,0.0
2.0,-0.020000000000000007,0.5423
3.0,-0.2,-0.4019
5.0,0.26785714285714285,0.7096
4.0,0.0,0.5719
5.0,0.5,-0.4939
2.0,0.0,-0.5574
3.0,0.25,0.8807
4.0,-0.26581632653061227,-0.4166
5.0,0.15714285714285714,-0.722
3.0,0.0,0.4404
4.0,-0.021875000000000006,0.1621
4.0,0.06642857142857142,0.8856
2.0,0.7,0.3871
5.0,0.45499999999999996,0.9267
3.0,-0.5,-0.2732
3.0,0.2,0.7958
3.0,0.0,0.0
3.0,0.0,0.0
1.0,0.6,0.4215
5.0,1.0,0.5242
4.0,-0.008333333333333331,0.4404
1.0,0.2,-0.4404
2.0,0.0,0.6652
3.0,0.6,0.0
2.0,0.0,0.4588
2.0,0.0,0.0
3.0,-0.5,-0.25
5.0,0.0,0.0
4.0,0.0875,-0.4382
2.0,0.0,0.0
1.0,-0.0125,0.3182
5.0,0.6333333333333334,0.8781
2.0,0.25,0.6879
5.0,0.0,0.0
2.0,0.06428571428571428,0.3182
4.0,0.20833333333333334,0.1027
1.0,-0.07261904761904762,-0.785
1.0,0.2,0.0
5.0,0.0,0.2732
3.0,0.0,0.0
5.0,0.0,-0.1531
2.0,0.20714285714285713,0.4019
1.0,-0.6,-0.5267
5.0,0.028571428571428553,0.2714
2.0,-0.12951388888888887,0.7436
5.0,0.0,0.0
5.0,0.4,0.3818
3.0,0.5,0.0
4.0,0.025,0.0
3.0,0.0,0.0
5.0,0.3232142857142857,0.9057
1.0,-0.05,-0.5122
4.0,-0.09739583333333335,0.7759
1.0,0.0,0.0
1.0,-0.6666666666666666,0.4939
3.0,0.175,0.8316
3.0,0.0,0.0
2.0,0.08906250000000002,0.6428
5.0,0.01785714285714285,0.0
3.0,0.0,0.0
3.0,0.0,0.0
3.0,0.49,0.707
5.0,0.1481818181818182,0.6369
4.0,0.07314814814814814,0.9442
4.0,0.2333333333333333,0.9824
4.0,0.125,0.802
3.0,0.5,0.9528
5.0,0.0,0.0
3.0,0.0,0.2732
2.0,0.025757575757575746,0.6076
3.0,0.048533950617283945,0.9326
4.0,0.039999999999999994,0.9417
4.0,0.2791666666666667,0.7096
1.0,0.0,-0.3612
4.0,-0.1,0.0
5.0,0.0,0.25
4.0,0.0074074074074074086,0.2023
2.0,-0.1875,-0.5267
5.0,0.0,-0.1027
2.0,-0.4,0.024
2.0,-0.10625000000000001,0.4939
4.0,0.1225,0.9726
1.0,0.0,-0.0516
2.0,0.16249999999999995,0.3409
3.0,-0.0625,0.0
1.0,0.16666666666666666,0.0
1.0,0.0,0.0
3.0,0.0,0.0
3.0,0.0,0.1154
4.0,0.025,-0.4019
1.0,0.0,0.0
4.0,0.29523809523809524,0.4173
5.0,0.0,0.0
1.0,0.0,-0.5598
4.0,0.11071428571428571,0.3182
4.0,-0.09464285714285714,0.7506
4.0,0.16339285714285712,0.9578
5.0,-0.011111111111111108,-0.5574
2.0,-0.3,-0.5106
1.0,-0.55,-0.128
4.0,-0.25,0.0
5.0,0.0,0.0
1.0,0.26666666666666666,-0.4958
2.0,-0.05,0.0
1.0,0.0,0.0
2.0,-0.06666666666666665,0.0
4.0,-0.6,0.0
5.0,0.6,0.0
4.0,-0.05,0.0
4.0,0.18749999999999997,0.765
3.0,0.2380952380952381,0.9118
4.0,0.15000000000000002,0.128
3.0,-0.16388888888888892,-0.1779
1.0,0.0,0.2263
3.0,-0.0625,0.0
3.0,-0.061111111111111116,-0.3919
2.0,0.031249999999999997,0.9612
1.0,0.1892857142857143,0.6832
2.0,0.0,-0.3612
5.0,0.15000000000000002,0.0
2.0,0.25,0.0
4.0,0.175,0.0
5.0,0.19473684210526318,0.9407
5.0,0.0944444444444444,0.9182
2.0,0.25,0.8367
2.0,0.1,-0.7096
2.0,0.1675,0.9225
2.0,0.05500000000000001,0.5574
2.0,0.0,-0.3182
5.0,0.08971861471861471,0.7096
2.0,0.12000000000000002,0.9664
3.0,0.0,0.4767
5.0,0.0,0.8225
3.0,0.3007142857142857,0.8883
5.0,0.35428571428571426,0.624
2.0,0.2833333333333333,0.258
4.0,0.06603174603174602,0.2764
2.0,0.17892720306513413,0.9021
3.0,0.2,0.0
2.0,0.13999999999999999,0.2061
3.0,0.0,0.0
2.0,0.04365079365079364,0.5719
2.0,0.05,0.3612
2.0,0.18418367346938774,0.913
3.0,-0.2,0.0
5.0,0.11944444444444442,0.0
2.0,0.2333333333333333,0.8625
5.0,-0.035416666666666666,0.2182
5.0,-0.25,0.0
5.0,0.21666666666666667,0.7264
5.0,0.0,0.0
5.0,0.21071428571428572,0.9859
3.0,0.375,0.8258
5.0,0.5,0.4404
1.0,-0.15000000000000002,-0.7184
5.0,0.625,0.6908
4.0,-0.125,-0.5994
1.0,0.0,0.0
4.0,0.25,0.5588
2.0,0.0,0.5499
2.0,-0.09625,-0.4118
2.0,0.08785714285714288,0.9704
3.0,0.0,0.0
4.0,-0.04000000000000001,0.0
3.0,0.0,0.0
3.0,0.0,0.0
3.0,0.19999999999999998,0.4404
5.0,-0.125,-0.0613
3.0,-0.15,0.0
3.0,-0.05,0.0516
2.0,-0.06547619047619045,-0.7543
2.0,-0.105,0.0
1.0,0.18008241758241758,0.9889
5.0,0.375,0.993
4.0,0.0638888888888889,0.4927
1.0,-0.0625,0.0772
1.0,-0.1,-0.34
5.0,0.5119047619047619,0.9217
4.0,0.25,0.0772
4.0,0.0625,0.6808
5.0,0.1,0.6597
5.0,0.75,0.8858
5.0,0.2583333333333333,0.8172
2.0,0.15555555555555556,0.3612
4.0,0.1036090067340067,0.9843
5.0,-0.08333333333333333,0.5994
4.0,0.027500000000000004,0.8118
5.0,-0.2,-0.6948
2.0,0.1,0.4588
5.0,0.7,0.5994
2.0,0.07976190476190474,0.3126
5.0,0.275,0.9849
5.0,0.2618303571428571,0.8999
2.0,0.24375,-0.0772
3.0,0.0,0.0
1.0,0.0,0.0
4.0,-0.16666666666666669,0.25
2.0,0.25,0.0
1.0,0.0,0.0
5.0,0.0,0.0
1.0,-0.16666666666666666,0.0
2.0,0.4625,-0.5106
1.0,0.25,0.0
2.0,0.09626623376623376,0.5994
2.0,0.08571844821844822,0.9393
3.0,-0.12121212121212122,0.8885
2.0,0.28750000000000003,0.9717
2.0,0.13571428571428573,0.936
2.0,0.39999999999999997,0.2486
4.0,0.2783333333333333,0.9735
2.0,0.011111111111111113,0.0
4.0,-0.20714285714285716,-0.2023
1.0,-0.5,-0.5562
1.0,-0.10000000000000002,0.4404
1.0,0.375,0.9299
1.0,0.16291666666666665,0.7345
4.0,0.0,0.0
4.0,-0.08295454545454546,0.8643
3.0,0.08194444444444444,0.7787
2.0,0.5,0.5994
2.0,0.0875,0.6597
4.0,0.004591836734693879,-0.2401
4.0,0.2963684463684464,0.9623
3.0,-0.55,0.6126
5.0,0.12916666666666668,0.4404
5.0,0.1,-0.3595
1.0,0.8,0.802
3.0,-0.1,-0.1548
2.0,0.2589285714285714,0.2263
1.0,-0.5571428571428572,-0.296
5.0,0.25,0.6124
2.0,0.012012987012987014,0.8625
5.0,0.175,-0.3956
2.0,0.3486363636363637,0.9371
3.0,-0.04403409090909091,0.7469
3.0,0.55,0.7645
5.0,0.07662337662337662,0.8519
5.0,0.2477272727272727,0.9169
5.0,0.45,0.7964
2.0,-0.0002840909090909109,0.4749
4.0,-0.4,0.3182
5.0,0.2380952380952381,0.9006
2.0,1.0,-0.4585
4.0,0.0018939393939393923,0.2609
1.0,-0.3125,-0.4767
5.0,-0.4,-0.5696
1.0,0.0,0.7896
4.0,0.0,0.0
5.0,0.165625,-0.4818
2.0,-0.39,0.0
3.0,0.0,0.0
1.0,-0.85,-0.7152
4.0,-0.1,0.0
2.0,0.025000000000000022,-0.6202
5.0,0.0,0.0
1.0,0.0,0.0
4.0,0.375,0.1779
3.0,0.0,0.0
1.0,0.0,0.0
5.0,0.0,0.7269
2.0,0.15396825396825395,0.2263
3.0,0.0,-0.3612
4.0,0.05,0.0
3.0,0.10208333333333335,0.6249
3.0,-0.04999999999999999,0.1154
2.0,0.255,-0.5346
2.0,0.5,0.6369
3.0,0.6,-0.2732
3.0,0.0,0.0
4.0,0.8,0.7845
3.0,0.0,0.0
5.0,0.25,0.8051
3.0,-0.05,-0.2617
4.0,0.10345238095238095,0.978
5.0,0.21444444444444447,0.9581
2.0,0.17012987012987013,0.0644
2.0,-0.10307539682539683,0.8943
3.0,-0.06851851851851852,0.4215
5.0,0.35,0.8481
3.0,0.0,-0.296
4.0,-0.029783950617283957,0.5719
3.0,-0.13333333333333333,0.0
1.0,0.0,-0.1531
3.0,-0.1,0.7579
2.0,-0.125,0.0
1.0,0.0,0.0
2.0,0.2,0.0
1.0,-0.5,-0.4767
3.0,0.0,0.0
3.0,0.0,0.0
3.0,0.1,0.0
3.0,0.0,0.0
4.0,0.0,0.4939
4.0,1.0,0.0
5.0,-0.02291666666666667,0.2261
4.0,-0.2,-0.3182
2.0,-0.03333333333333334,0.2023
2.0,-0.22999999999999998,-0.8591
3.0,0.15,0.8519
4.0,0.0,0.875
3.0,0.275,0.0
5.0,0.0,0.0
2.0,9.25185853854297e-18,0.5267
2.0,-0.09,0.3182
2.0,0.19727272727272727,0.4019
2.0,0.06666666666666667,0.7019
2.0,0.4166666666666667,0.743
4.0,0.0,0.0
3.0,-0.2,-0.4404
5.0,0.096875,0.9104
2.0,0.24999999999999997,0.5574
2.0,0.0,0.0
1.0,0.1787878787878788,0.4215
2.0,-0.0049319727891156285,-0.2732
2.0,0.2,0.5267
4.0,0.3027972027972028,0.9815
3.0,0.10178571428571428,0.9498
1.0,-0.2159090909090909,-0.8004
2.0,-0.4,-0.1361
4.0,0.10397727272727271,0.4478
4.0,0.08750000000000001,0.6908
3.0,0.125,0.6705
5.0,-0.45,-0.7818
5.0,-0.05,-0.1027
1.0,0.0,0.0
4.0,0.1342532467532468,0.7287
5.0,0.0,-0.296
2.0,0.06666666666666667,0.0
3.0,0.3,0.0
2.0,-0.09333333333333335,-0.7096
